image_id,sticker_id,query_id,provider,source_page,image_url,local_path,width,height,quality_score,relevance_score,duplicate_group,license_status,status,executed_query,metadata_score,decision_reason,evaluated_at,file_sha256,file_size_bytes,downloaded_at,download_error,preflight_status,preflight_error,preflight_content_type,preflight_content_length,preflight_checked_at,preflight_retry_count,preflight_last_retry_at,retry_requested_at,retry_requested_reason,retry_forced_at,retry_forced_reason,last_retry_mode
IMG-SL-01-001-general-web-04fb64c0,SL-01-001,Q-SL-01-001-05,general_web,https://es.wikipedia.org/wiki/Historia_de_Boca_Juniors_(f%C3%BAtbol),https://upload.wikimedia.org/wikipedia/commons/7/7d/BocaJuniors.png,,1200,1421,,0.1429,dup-dd7dac4875e3,needs_manual_review,semantic_rejected,San Lorenzo Acta fundacional de San Lorenzo de Almagro San Lorenzo imagen,0.0,low_relevance:0.1429,2026-05-09T18:52:29.427395+00:00,,,,,,,,,,,,,,,,
IMG-SL-01-001-general-web-1648be0a,SL-01-001,Q-SL-01-001-03,general_web,https://es.wikipedia.org/wiki/Club_Atl%C3%A9tico_Nueva_Chicago,https://upload.wikimedia.org/wikipedia/commons/8/8d/CANCH_Oficial.png,,510,512,,0.0,dup-3a0eaf8c2610,needs_manual_review,semantic_rejected,San Lorenzo Acta fundacional de San Lorenzo de Almagro foto imagen,0.0,low_relevance:0.0000,2026-05-09T18:52:29.427395+00:00,,,,,,,,,,,,,,,,
IMG-SL-01-001-general-web-8f0046f0,SL-01-001,Q-SL-01-001-03,general_web,https://es.wikipedia.org/wiki/Historia_de_Boca_Juniors_(f%C3%BAtbol),https://upload.wikimedia.org/wikipedia/commons/7/7d/BocaJuniors.png,,1200,1421,,0.125,dup-dd7dac4875e3,needs_manual_review,semantic_rejected,San Lorenzo Acta fundacional de San Lorenzo de Almagro foto imagen,0.0,low_relevance:0.1250,2026-05-09T18:52:29.427395+00:00,,,,,,,,,,,,,,,,
IMG-SL-01-001-general-web-bdacd2c2,SL-01-001,Q-SL-01-001-03,general_web,https://es.wikipedia.org/wiki/Salus_Football_Club,https://upload.wikimedia.org/wikipedia/commons/1/1c/Escudo_de_Salus_FC.png,,1062,1303,,0.0,dup-b28ab2e2534b,needs_manual_review,semantic_rejected,San Lorenzo Acta fundacional de San Lorenzo de Almagro foto imagen,0.0,low_relevance:0.0000,2026-05-09T18:52:29.427395+00:00,,,,,,,,,,,,,,,,
IMG-SL-01-001-general-web-c8288fff,SL-01-001,Q-SL-01-001-03,general_web,https://es.wikipedia.org/wiki/Carlos_Gardel,https://upload.wikimedia.org/wikipedia/commons/e/e0/Carlos_gardel_en_su_casa_1933.jpg,,720,900,,0.0,dup-f9a3d2e61a7e,needs_manual_review,semantic_rejected,San Lorenzo Acta fundacional de San Lorenzo de Almagro foto imagen,0.0,low_relevance:0.0000,2026-05-09T18:52:29.427395+00:00,,,,,,,,,,,,,,,,
IMG-SL-01-001-wikimedia-0f15ec41,SL-01-001,Q-SL-01-001-05,wikimedia,https://commons.wikimedia.org/wiki/File:Las_tecnolog%C3%ADas_avanzadas_de_Ia_informaci%C3%B3n_y_Ia_comunicaci%C3%B3n_(tic)_y_el_nuevo_paradigma_temporal_(Cionline_1048).pdf,https://upload.wikimedia.org/wikipedia/commons/7/77/Las_tecnolog%C3%ADas_avanzadas_de_Ia_informaci%C3%B3n_y_Ia_comunicaci%C3%B3n_%28tic%29_y_el_nuevo_paradigma_temporal_%28Cionline_1048%29.pdf?utm_source=commons.wikimedia.org&utm_campaign=imageinfo&utm_content=original,,1239,1754,,0.2,,attribution_required,technical_rejected,San Lorenzo acta fundacional de de,0.0,documentary_extension:pdf,2026-05-09T18:52:29.427395+00:00,,,,,blocked,invalid_content_type:application/pdf,application/pdf,111794,2026-05-07T18:13:17.563818+00:00,0,,,,,,
IMG-SL-01-001-wikimedia-0ff21fb0,SL-01-001,Q-SL-01-001-01,wikimedia,https://commons.wikimedia.org/wiki/File:Las_tecnolog%C3%ADas_avanzadas_de_Ia_informaci%C3%B3n_y_Ia_comunicaci%C3%B3n_(tic)_y_el_nuevo_paradigma_temporal_(Cionline_1048).pdf,https://upload.wikimedia.org/wikipedia/commons/7/77/Las_tecnolog%C3%ADas_avanzadas_de_Ia_informaci%C3%B3n_y_Ia_comunicaci%C3%B3n_%28tic%29_y_el_nuevo_paradigma_temporal_%28Cionline_1048%29.pdf?utm_source=commons.wikimedia.org&utm_campaign=imageinfo&utm_content=original,,1239,1754,,0.2,,attribution_required,technical_rejected,San Lorenzo acta fundacional de de,0.0,documentary_extension:pdf,2026-05-09T18:52:29.427395+00:00,,,,,blocked,invalid_content_type:application/pdf,application/pdf,111794,2026-05-07T18:13:17.714657+00:00,0,,,,,,
IMG-SL-01-001-wikimedia-12391de8,SL-01-001,Q-SL-01-001-04,wikimedia,https://commons.wikimedia.org/wiki/File:Las_tecnolog%C3%ADas_avanzadas_de_Ia_informaci%C3%B3n_y_Ia_comunicaci%C3%B3n_(tic)_y_el_nuevo_paradigma_temporal_(Cionline_1048).pdf,https://upload.wikimedia.org/wikipedia/commons/7/77/Las_tecnolog%C3%ADas_avanzadas_de_Ia_informaci%C3%B3n_y_Ia_comunicaci%C3%B3n_%28tic%29_y_el_nuevo_paradigma_temporal_%28Cionline_1048%29.pdf?utm_source=commons.wikimedia.org&utm_campaign=imageinfo&utm_content=original,,1239,1754,,0.2,,attribution_required,technical_rejected,San Lorenzo acta fundacional de de,0.0,documentary_extension:pdf,2026-05-09T18:52:29.427395+00:00,,,,,blocked,invalid_content_type:application/pdf,application/pdf,111794,2026-05-07T18:13:17.863755+00:00,0,,,,,,
IMG-SL-01-001-wikimedia-20d84797,SL-01-001,Q-SL-01-001-02,wikimedia,https://commons.wikimedia.org/wiki/File:Las_tecnolog%C3%ADas_avanzadas_de_Ia_informaci%C3%B3n_y_Ia_comunicaci%C3%B3n_(tic)_y_el_nuevo_paradigma_temporal_(Cionline_1048).pdf,https://upload.wikimedia.org/wikipedia/commons/7/77/Las_tecnolog%C3%ADas_avanzadas_de_Ia_informaci%C3%B3n_y_Ia_comunicaci%C3%B3n_%28tic%29_y_el_nuevo_paradigma_temporal_%28Cionline_1048%29.pdf?utm_source=commons.wikimedia.org&utm_campaign=imageinfo&utm_content=original,,1239,1754,,0.2,,attribution_required,technical_rejected,San Lorenzo acta fundacional de de,0.0,documentary_extension:pdf,2026-05-09T18:52:29.427395+00:00,,,,,blocked,invalid_content_type:application/pdf,application/pdf,111794,2026-05-07T18:13:18.042857+00:00,0,,,,,,
IMG-SL-01-001-wikimedia-3fa3cb34,SL-01-001,Q-SL-01-001-02,wikimedia,https://commons.wikimedia.org/wiki/File:La_emigraci%C3%B3n_espa%C3%B1ola_a_Chile.pdf,https://upload.wikimedia.org/wikipedia/commons/9/96/La_emigraci%C3%B3n_espa%C3%B1ola_a_Chile.pdf?utm_source=commons.wikimedia.org&utm_campaign=imageinfo&utm_content=original,,1239,1752,,0.0,,attribution_required,technical_rejected,San Lorenzo acta fundacional de de,0.0,documentary_extension:pdf,2026-05-09T18:52:29.427395+00:00,,,,,,,,,,,,,,,,
IMG-SL-01-001-wikimedia-625ae191,SL-01-001,Q-SL-01-001-01,wikimedia,https://commons.wikimedia.org/wiki/File:Estudios_de_historia_rural_II.djvu,https://upload.wikimedia.org/wikipedia/commons/b/b0/Estudios_de_historia_rural_II.djvu?utm_source=commons.wikimedia.org&utm_campaign=imageinfo&utm_content=original,,2837,4096,,0.2,,attribution_required,technical_rejected,San Lorenzo acta fundacional de de,0.0,documentary_extension:djvu,2026-05-09T18:52:29.427395+00:00,,,,,blocked,file_too_large,image/vnd.djvu,21076478,2026-05-07T18:13:18.385778+00:00,0,,,,,,
IMG-SL-01-001-wikimedia-64536845,SL-01-001,Q-SL-01-001-05,wikimedia,https://commons.wikimedia.org/wiki/File:Estudios_de_historia_rural_II.djvu,https://upload.wikimedia.org/wikipedia/commons/b/b0/Estudios_de_historia_rural_II.djvu?utm_source=commons.wikimedia.org&utm_campaign=imageinfo&utm_content=original,,2837,4096,,0.2,,attribution_required,technical_rejected,San Lorenzo acta fundacional de de,0.0,documentary_extension:djvu,2026-05-09T18:52:29.427395+00:00,,,,,blocked,file_too_large,image/vnd.djvu,21076478,2026-05-08T00:27:57.235923+00:00,1,2026-05-08T00:27:57.235923+00:00,2026-05-07T21:41:15.244091+00:00,manual retry after operator review,2026-05-08T00:27:56.863239+00:00,manual retry after operator review,forced
IMG-SL-01-001-wikimedia-68d61687,SL-01-001,Q-SL-01-001-04,wikimedia,https://commons.wikimedia.org/wiki/File:Estudios_de_historia_rural_II.djvu,https://upload.wikimedia.org/wikipedia/commons/b/b0/Estudios_de_historia_rural_II.djvu?utm_source=commons.wikimedia.org&utm_campaign=imageinfo&utm_content=original,,2837,4096,,0.2,,attribution_required,technical_rejected,San Lorenzo acta fundacional de de,0.0,documentary_extension:djvu,2026-05-09T18:52:29.427395+00:00,,,,,retryable,http_error:429,,,2026-05-07T18:13:18.704254+00:00,0,,,,,,
IMG-SL-01-001-wikimedia-77ada775,SL-01-001,Q-SL-01-001-02,wikimedia,https://commons.wikimedia.org/wiki/File:Estudios_de_historia_rural_II.djvu,https://upload.wikimedia.org/wikipedia/commons/b/b0/Estudios_de_historia_rural_II.djvu?utm_source=commons.wikimedia.org&utm_campaign=imageinfo&utm_content=original,,2837,4096,,0.2,,attribution_required,technical_rejected,San Lorenzo acta fundacional de de,0.0,documentary_extension:djvu,2026-05-09T18:52:29.427395+00:00,,,,,retryable,http_error:429,,,2026-05-07T18:13:18.857801+00:00,0,,,,,,
IMG-SL-01-001-wikimedia-87aa63bb,SL-01-001,Q-SL-01-001-03,wikimedia,https://commons.wikimedia.org/wiki/File:Las_tecnolog%C3%ADas_avanzadas_de_Ia_informaci%C3%B3n_y_Ia_comunicaci%C3%B3n_(tic)_y_el_nuevo_paradigma_temporal_(Cionline_1048).pdf,https://upload.wikimedia.org/wikipedia/commons/7/77/Las_tecnolog%C3%ADas_avanzadas_de_Ia_informaci%C3%B3n_y_Ia_comunicaci%C3%B3n_%28tic%29_y_el_nuevo_paradigma_temporal_%28Cionline_1048%29.pdf?utm_source=commons.wikimedia.org&utm_campaign=imageinfo&utm_content=original,,1239,1754,,0.2,,attribution_required,technical_rejected,San Lorenzo acta fundacional de de,0.0,documentary_extension:pdf,2026-05-09T18:52:29.427395+00:00,,,,,blocked,invalid_content_type:application/pdf,application/pdf,111794,2026-05-07T18:13:19.019069+00:00,0,,,,,,
IMG-SL-01-001-wikimedia-a3f7fe89,SL-01-001,Q-SL-01-001-01,wikimedia,https://commons.wikimedia.org/wiki/File:La_emigraci%C3%B3n_espa%C3%B1ola_a_Chile.pdf,https://upload.wikimedia.org/wikipedia/commons/9/96/La_emigraci%C3%B3n_espa%C3%B1ola_a_Chile.pdf?utm_source=commons.wikimedia.org&utm_campaign=imageinfo&utm_content=original,,1239,1752,,0.0,,attribution_required,technical_rejected,San Lorenzo acta fundacional de de,0.0,documentary_extension:pdf,2026-05-09T18:52:29.427395+00:00,,,,,,,,,,,,,,,,
IMG-SL-01-001-wikimedia-a6f38672,SL-01-001,Q-SL-01-001-04,wikimedia,https://commons.wikimedia.org/wiki/File:La_emigraci%C3%B3n_espa%C3%B1ola_a_Chile.pdf,https://upload.wikimedia.org/wikipedia/commons/9/96/La_emigraci%C3%B3n_espa%C3%B1ola_a_Chile.pdf?utm_source=commons.wikimedia.org&utm_campaign=imageinfo&utm_content=original,,1239,1752,,0.0,,attribution_required,technical_rejected,San Lorenzo acta fundacional de de,0.0,documentary_extension:pdf,2026-05-09T18:52:29.427395+00:00,,,,,,,,,,,,,,,,
IMG-SL-01-001-wikimedia-c63fd9f5,SL-01-001,Q-SL-01-001-03,wikimedia,https://commons.wikimedia.org/wiki/File:Estudios_de_historia_rural_II.djvu,https://upload.wikimedia.org/wikipedia/commons/b/b0/Estudios_de_historia_rural_II.djvu?utm_source=commons.wikimedia.org&utm_campaign=imageinfo&utm_content=original,,2837,4096,,0.2,,attribution_required,technical_rejected,San Lorenzo acta fundacional de de,0.0,documentary_extension:djvu,2026-05-09T18:52:29.427395+00:00,,,,,retryable,http_error:429,,,2026-05-07T18:13:19.198143+00:00,0,,,,,,
IMG-SL-01-001-wikimedia-d6727d50,SL-01-001,Q-SL-01-001-03,wikimedia,https://commons.wikimedia.org/wiki/File:La_emigraci%C3%B3n_espa%C3%B1ola_a_Chile.pdf,https://upload.wikimedia.org/wikipedia/commons/9/96/La_emigraci%C3%B3n_espa%C3%B1ola_a_Chile.pdf?utm_source=commons.wikimedia.org&utm_campaign=imageinfo&utm_content=original,,1239,1752,,0.0,,attribution_required,technical_rejected,San Lorenzo acta fundacional de de,0.0,documentary_extension:pdf,2026-05-09T18:52:29.427395+00:00,,,,,,,,,,,,,,,,
IMG-SL-01-001-wikimedia-f2c08e03,SL-01-001,Q-SL-01-001-05,wikimedia,https://commons.wikimedia.org/wiki/File:La_emigraci%C3%B3n_espa%C3%B1ola_a_Chile.pdf,https://upload.wikimedia.org/wikipedia/commons/9/96/La_emigraci%C3%B3n_espa%C3%B1ola_a_Chile.pdf?utm_source=commons.wikimedia.org&utm_campaign=imageinfo&utm_content=original,,1239,1752,,0.0,,attribution_required,technical_rejected,San Lorenzo acta fundacional de de,0.0,documentary_extension:pdf,2026-05-09T18:52:29.427395+00:00,,,,,,,,,,,,,,,,
IMG-SL-01-002-wikimedia-03830aa9,SL-01-002,Q-SL-01-002-05,wikimedia,https://commons.wikimedia.org/wiki/File:Boca_vs_san_lorenzo_1983.jpg,https://upload.wikimedia.org/wikipedia/commons/1/1d/Boca_vs_san_lorenzo_1983.jpg?utm_source=commons.wikimedia.org&utm_campaign=imageinfo&utm_content=original,output/raw/nace-el-ciclon/SL-01-002/IMG-SL-01-002-wikimedia-03830aa9.jpg,724,451,,0.5,dup-340ebb3cbe54,clear,exported,San Lorenzo de Almagro,0.725,has_image_url;has_source_page;meets_min_dimensions;relevance:0.5000;license:clear,2026-05-09T17:57:34.996410+00:00,2fbf80c401ac18e26134198ac651f9fe1383cbfe8ea7c01e1992414c758e396d,90825,2026-05-09T17:57:50.262523+00:00,,passed,,image/jpeg,90825,2026-05-09T17:57:38.964766+00:00,0,,,,,,
IMG-SL-01-002-wikimedia-1bba1c21,SL-01-002,Q-SL-01-002-04,wikimedia,https://commons.wikimedia.org/wiki/File:Biblioteca_nueva_de_los_escritores_aragoneses_que_florecieron_desde_el_a%C3%B1o_de_1689_hasta_el_de_1753_(IA_BibliotecaNuevaDeEscritoresAragonese4).pdf,https://upload.wikimedia.org/wikipedia/commons/d/d2/Biblioteca_nueva_de_los_escritores_aragoneses_que_florecieron_desde_el_a%C3%B1o_de_1689_hasta_el_de_1753_%28IA_BibliotecaNuevaDeEscritoresAragonese4%29.pdf?utm_source=commons.wikimedia.org&utm_campaign=imageinfo&utm_content=original,,781,1187,,0.1667,,clear,technical_rejected,San Lorenzo padre massa en los,0.0,documentary_extension:pdf,2026-05-09T17:57:34.996410+00:00,,,,,blocked,invalid_content_type:application/pdf,application/pdf,33146256,2026-05-07T16:01:19.497993+00:00,,,,,,,
IMG-SL-01-002-wikimedia-22890c1d,SL-01-002,Q-SL-01-002-02,wikimedia,"https://commons.wikimedia.org/wiki/File:Ensayo_hist%C3%B3rico-cr%C3%ADtico_sobre_la_legislacion_y_principales_cuerpos_legales_de_los_reynos_de_Leon_y_Castilla,_especialmente_sobre_el_c%C3%B3digo_de_D._Alonso_el_Sabio_(IA_ensayohistoricocritico).pdf",https://upload.wikimedia.org/wikipedia/commons/e/e3/Ensayo_hist%C3%B3rico-cr%C3%ADtico_sobre_la_legislacion_y_principales_cuerpos_legales_de_los_reynos_de_Leon_y_Castilla%2C_especialmente_sobre_el_c%C3%B3digo_de_D._Alonso_el_Sabio_%28IA_ensayohistoricocritico%29.pdf?utm_source=commons.wikimedia.org&utm_campaign=imageinfo&utm_content=original,,1037,1487,,0.1667,,clear,technical_rejected,San Lorenzo padre massa en los,0.0,documentary_extension:pdf,2026-05-09T17:57:34.996410+00:00,,,,,blocked,invalid_content_type:application/pdf,application/pdf,36240216,2026-05-07T16:01:19.974915+00:00,,,,,,,
IMG-SL-01-002-wikimedia-237ff791,SL-01-002,Q-SL-01-002-05,wikimedia,https://commons.wikimedia.org/wiki/File:Sede_San_Lorenzo_de_Almagro_de_Av._de_Mayo.jpg,https://upload.wikimedia.org/wikipedia/commons/a/a1/Sede_San_Lorenzo_de_Almagro_de_Av._de_Mayo.jpg?utm_source=commons.wikimedia.org&utm_campaign=imageinfo&utm_content=original,output/raw/nace-el-ciclon/SL-01-002/IMG-SL-01-002-wikimedia-237ff791.jpg,2240,1344,,1.0,dup-1c20b85683c1,attribution_required,exported,San Lorenzo de Almagro,1.0,has_image_url;has_source_page;meets_min_dimensions;meets_preferred_dimensions;relevance:1.0000;license:attribution_required,2026-05-09T17:57:34.996410+00:00,291fe7f1a60e37eef8eed25aec66fc7fcb832070f47e1bcb7676d75dded603bf,866800,2026-05-09T17:57:50.667741+00:00,,passed,,image/jpeg,866800,2026-05-09T17:57:39.319823+00:00,0,,,,,,
IMG-SL-01-002-wikimedia-2d9ec30a,SL-01-002,Q-SL-01-002-01,wikimedia,https://commons.wikimedia.org/wiki/File:Teatro_del_clavel_-_cuadro_dom%C3%A9stich_en_un_acte_y_en_vers_(IA_teatrodelclavelc00camp).pdf,https://upload.wikimedia.org/wikipedia/commons/0/01/Teatro_del_clavel_-_cuadro_dom%C3%A9stich_en_un_acte_y_en_vers_%28IA_teatrodelclavelc00camp%29.pdf?utm_source=commons.wikimedia.org&utm_campaign=imageinfo&utm_content=original,,664,1122,,0.1667,,clear,technical_rejected,San Lorenzo padre massa en los,0.0,documentary_extension:pdf,2026-05-09T17:57:34.996410+00:00,,,,,blocked,rejected_unsupported_extension_for_review,,,2026-05-08T02:30:20.079887+00:00,0,,,,,,
IMG-SL-01-002-wikimedia-317937f2,SL-01-002,Q-SL-01-002-04,wikimedia,"https://commons.wikimedia.org/wiki/File:Ensayo_hist%C3%B3rico-cr%C3%ADtico_sobre_la_legislacion_y_principales_cuerpos_legales_de_los_reynos_de_Leon_y_Castilla,_especialmente_sobre_el_c%C3%B3digo_de_D._Alonso_el_Sabio_(IA_ensayohistoricocritico).pdf",https://upload.wikimedia.org/wikipedia/commons/e/e3/Ensayo_hist%C3%B3rico-cr%C3%ADtico_sobre_la_legislacion_y_principales_cuerpos_legales_de_los_reynos_de_Leon_y_Castilla%2C_especialmente_sobre_el_c%C3%B3digo_de_D._Alonso_el_Sabio_%28IA_ensayohistoricocritico%29.pdf?utm_source=commons.wikimedia.org&utm_campaign=imageinfo&utm_content=original,,1037,1487,,0.1667,,clear,technical_rejected,San Lorenzo padre massa en los,0.0,documentary_extension:pdf,2026-05-09T17:57:34.996410+00:00,,,,,blocked,rejected_unsupported_extension_for_review,,,2026-05-08T02:30:20.095414+00:00,0,,,,,,
IMG-SL-01-002-wikimedia-34763ee7,SL-01-002,Q-SL-01-002-02,wikimedia,https://commons.wikimedia.org/wiki/File:Boca_vs_san_lorenzo_1983.jpg,https://upload.wikimedia.org/wikipedia/commons/1/1d/Boca_vs_san_lorenzo_1983.jpg?utm_source=commons.wikimedia.org&utm_campaign=imageinfo&utm_content=original,output/raw/nace-el-ciclon/SL-01-002/IMG-SL-01-002-wikimedia-34763ee7.jpg,724,451,,0.5,dup-340ebb3cbe54,clear,exported,San Lorenzo de Almagro,0.725,has_image_url;has_source_page;meets_min_dimensions;relevance:0.5000;license:clear,2026-05-09T17:57:34.996410+00:00,2fbf80c401ac18e26134198ac651f9fe1383cbfe8ea7c01e1992414c758e396d,90825,2026-05-09T17:57:50.935207+00:00,,passed,,image/jpeg,90825,2026-05-09T17:57:39.465529+00:00,0,,,,,,
IMG-SL-01-002-wikimedia-3b86a824,SL-01-002,Q-SL-01-002-01,wikimedia,https://commons.wikimedia.org/wiki/File:Boca_vs_san_lorenzo_1983.jpg,https://upload.wikimedia.org/wikipedia/commons/1/1d/Boca_vs_san_lorenzo_1983.jpg?utm_source=commons.wikimedia.org&utm_campaign=imageinfo&utm_content=original,output/raw/nace-el-ciclon/SL-01-002/IMG-SL-01-002-wikimedia-3b86a824.jpg,724,451,,0.5,dup-340ebb3cbe54,clear,exported,San Lorenzo de Almagro,0.725,has_image_url;has_source_page;meets_min_dimensions;relevance:0.5000;license:clear,2026-05-09T17:57:34.996410+00:00,2fbf80c401ac18e26134198ac651f9fe1383cbfe8ea7c01e1992414c758e396d,90825,2026-05-09T17:57:51.201520+00:00,,passed,,image/jpeg,90825,2026-05-09T17:57:39.610948+00:00,0,,,,,,
IMG-SL-01-002-wikimedia-3cff48c5,SL-01-002,Q-SL-01-002-02,wikimedia,https://commons.wikimedia.org/wiki/File:Biblioteca_nueva_de_los_escritores_aragoneses_que_florecieron_desde_el_a%C3%B1o_de_1689_hasta_el_de_1753_(IA_BibliotecaNuevaDeEscritoresAragonese4).pdf,https://upload.wikimedia.org/wikipedia/commons/d/d2/Biblioteca_nueva_de_los_escritores_aragoneses_que_florecieron_desde_el_a%C3%B1o_de_1689_hasta_el_de_1753_%28IA_BibliotecaNuevaDeEscritoresAragonese4%29.pdf?utm_source=commons.wikimedia.org&utm_campaign=imageinfo&utm_content=original,,781,1187,,0.1667,,clear,technical_rejected,San Lorenzo padre massa en los,0.0,documentary_extension:pdf,2026-05-09T17:57:34.996410+00:00,,,,,blocked,rejected_unsupported_extension_for_review,,,2026-05-08T02:30:20.101721+00:00,0,,,,,,
IMG-SL-01-002-wikimedia-47b4e7d2,SL-01-002,Q-SL-01-002-01,wikimedia,https://commons.wikimedia.org/wiki/File:Biblioteca_nueva_de_los_escritores_aragoneses_que_florecieron_desde_el_a%C3%B1o_de_1689_hasta_el_de_1753_(IA_BibliotecaNuevaDeEscritoresAragonese4).pdf,https://upload.wikimedia.org/wikipedia/commons/d/d2/Biblioteca_nueva_de_los_escritores_aragoneses_que_florecieron_desde_el_a%C3%B1o_de_1689_hasta_el_de_1753_%28IA_BibliotecaNuevaDeEscritoresAragonese4%29.pdf?utm_source=commons.wikimedia.org&utm_campaign=imageinfo&utm_content=original,,781,1187,,0.1667,,clear,technical_rejected,San Lorenzo padre massa en los,0.0,documentary_extension:pdf,2026-05-09T17:57:34.996410+00:00,,,,,blocked,rejected_unsupported_extension_for_review,,,2026-05-08T02:30:20.108888+00:00,0,,,,,,
IMG-SL-01-002-wikimedia-48d06032,SL-01-002,Q-SL-01-002-04,wikimedia,https://commons.wikimedia.org/wiki/File:Compendio_de_la_historia_de_los_Estados_Unidos_de_Am%C3%A9rica;_puesta_en_castellano_(IA_compendiodelahis00pazo_0).pdf,https://upload.wikimedia.org/wikipedia/commons/e/ef/Compendio_de_la_historia_de_los_Estados_Unidos_de_Am%C3%A9rica%3B_puesta_en_castellano_%28IA_compendiodelahis00pazo_0%29.pdf?utm_source=commons.wikimedia.org&utm_campaign=imageinfo&utm_content=original,,554,877,,0.3333,,clear,technical_rejected,San Lorenzo padre massa en los,0.0,documentary_extension:pdf,2026-05-09T17:57:34.996410+00:00,,,,,blocked,rejected_unsupported_extension_for_review,,,2026-05-08T02:30:20.117736+00:00,0,,,,,,
IMG-SL-01-002-wikimedia-5ed285ec,SL-01-002,Q-SL-01-002-01,wikimedia,https://commons.wikimedia.org/wiki/File:Lorenzaccio_-_drama_en_cuatro_actos_(IA_lorenzacciodrama00muss_0).pdf,https://upload.wikimedia.org/wikipedia/commons/d/d2/Lorenzaccio_-_drama_en_cuatro_actos_%28IA_lorenzacciodrama00muss_0%29.pdf?utm_source=commons.wikimedia.org&utm_campaign=imageinfo&utm_content=original,,1179,1958,,0.1667,,clear,technical_rejected,San Lorenzo padre massa en los,0.0,documentary_extension:pdf,2026-05-09T17:57:34.996410+00:00,,,,,blocked,rejected_unsupported_extension_for_review,,,2026-05-08T02:30:20.124940+00:00,0,,,,,,
IMG-SL-01-002-wikimedia-62fde102,SL-01-002,Q-SL-01-002-01,wikimedia,https://commons.wikimedia.org/wiki/File:Carasucias_San_Lorenzo_de_Almagro_1964.jpg,https://upload.wikimedia.org/wikipedia/commons/c/c4/Carasucias_San_Lorenzo_de_Almagro_1964.jpg?utm_source=commons.wikimedia.org&utm_campaign=imageinfo&utm_content=original,,374,436,,1.0,dup-34fc016ceec4,clear,technical_rejected,San Lorenzo de Almagro,0.0,low_resolution:374x436,2026-05-09T17:57:34.996410+00:00,,,,,,,,,,,,,,,,
IMG-SL-01-002-wikimedia-67ec8e03,SL-01-002,Q-SL-01-002-03,wikimedia,https://commons.wikimedia.org/wiki/File:1940_Rosario_Central_1-San_Lorenzo_de_Almagro_0_-2.png,https://upload.wikimedia.org/wikipedia/commons/d/d7/1940_Rosario_Central_1-San_Lorenzo_de_Almagro_0_-2.png?utm_source=commons.wikimedia.org&utm_campaign=imageinfo&utm_content=original,,284,196,,0.6667,dup-f2a17a84a2d8,clear,technical_rejected,Club Atletico San Lorenzo de Almagro,0.0,low_resolution:284x196,2026-05-09T17:57:34.996410+00:00,,,,,,,,,,,,,,,,
IMG-SL-01-002-wikimedia-68e61828,SL-01-002,Q-SL-01-002-04,wikimedia,https://commons.wikimedia.org/wiki/File:Teatro_del_clavel_-_cuadro_dom%C3%A9stich_en_un_acte_y_en_vers_(IA_teatrodelclavelc00camp).pdf,https://upload.wikimedia.org/wikipedia/commons/0/01/Teatro_del_clavel_-_cuadro_dom%C3%A9stich_en_un_acte_y_en_vers_%28IA_teatrodelclavelc00camp%29.pdf?utm_source=commons.wikimedia.org&utm_campaign=imageinfo&utm_content=original,,664,1122,,0.1667,,clear,technical_rejected,San Lorenzo padre massa en los,0.0,documentary_extension:pdf,2026-05-09T17:57:34.996410+00:00,,,,,blocked,rejected_unsupported_extension_for_review,,,2026-05-08T02:30:20.133112+00:00,0,,,,,,
IMG-SL-01-002-wikimedia-74d2ce90,SL-01-002,Q-SL-01-002-03,wikimedia,https://commons.wikimedia.org/wiki/File:Carasucias_San_Lorenzo_de_Almagro_1964.jpg,https://upload.wikimedia.org/wikipedia/commons/c/c4/Carasucias_San_Lorenzo_de_Almagro_1964.jpg?utm_source=commons.wikimedia.org&utm_campaign=imageinfo&utm_content=original,,374,436,,0.6667,dup-34fc016ceec4,clear,technical_rejected,Club Atletico San Lorenzo de Almagro,0.0,low_resolution:374x436,2026-05-09T17:57:34.996410+00:00,,,,,,,,,,,,,,,,
IMG-SL-01-002-wikimedia-885d83bd,SL-01-002,Q-SL-01-002-05,wikimedia,https://commons.wikimedia.org/wiki/File:Carasucias_San_Lorenzo_de_Almagro_1964.jpg,https://upload.wikimedia.org/wikipedia/commons/c/c4/Carasucias_San_Lorenzo_de_Almagro_1964.jpg?utm_source=commons.wikimedia.org&utm_campaign=imageinfo&utm_content=original,,374,436,,1.0,dup-34fc016ceec4,clear,technical_rejected,San Lorenzo de Almagro,0.0,low_resolution:374x436,2026-05-09T17:57:34.996410+00:00,,,,,,,,,,,,,,,,
IMG-SL-01-002-wikimedia-94254906,SL-01-002,Q-SL-01-002-03,wikimedia,https://commons.wikimedia.org/wiki/File:Lorenzaccio_-_drama_en_cuatro_actos_(IA_lorenzacciodrama00muss_0).pdf,https://upload.wikimedia.org/wikipedia/commons/d/d2/Lorenzaccio_-_drama_en_cuatro_actos_%28IA_lorenzacciodrama00muss_0%29.pdf?utm_source=commons.wikimedia.org&utm_campaign=imageinfo&utm_content=original,,1179,1958,,0.1667,,clear,technical_rejected,San Lorenzo padre massa en los,0.0,documentary_extension:pdf,2026-05-09T17:57:34.996410+00:00,,,,,blocked,rejected_unsupported_extension_for_review,,,2026-05-08T02:30:20.139740+00:00,0,,,,,,
IMG-SL-01-002-wikimedia-a242edfe,SL-01-002,Q-SL-01-002-03,wikimedia,https://commons.wikimedia.org/wiki/File:Sede_San_Lorenzo_de_Almagro_de_Av._de_Mayo.jpg,https://upload.wikimedia.org/wikipedia/commons/a/a1/Sede_San_Lorenzo_de_Almagro_de_Av._de_Mayo.jpg?utm_source=commons.wikimedia.org&utm_campaign=imageinfo&utm_content=original,output/raw/nace-el-ciclon/SL-01-002/IMG-SL-01-002-wikimedia-a242edfe.jpg,2240,1344,,0.6667,dup-1c20b85683c1,attribution_required,exported,Club Atletico San Lorenzo de Almagro,0.9167,has_image_url;has_source_page;meets_min_dimensions;meets_preferred_dimensions;relevance:0.6667;license:attribution_required,2026-05-09T17:57:34.996410+00:00,291fe7f1a60e37eef8eed25aec66fc7fcb832070f47e1bcb7676d75dded603bf,866800,2026-05-09T18:28:25.169794+00:00,,passed,,image/jpeg,866800,2026-05-09T17:57:39.779487+00:00,0,,,,,,
IMG-SL-01-002-wikimedia-aec4a76e,SL-01-002,Q-SL-01-002-02,wikimedia,https://commons.wikimedia.org/wiki/File:Teatro_del_clavel_-_cuadro_dom%C3%A9stich_en_un_acte_y_en_vers_(IA_teatrodelclavelc00camp).pdf,https://upload.wikimedia.org/wikipedia/commons/0/01/Teatro_del_clavel_-_cuadro_dom%C3%A9stich_en_un_acte_y_en_vers_%28IA_teatrodelclavelc00camp%29.pdf?utm_source=commons.wikimedia.org&utm_campaign=imageinfo&utm_content=original,,664,1122,,0.1667,,clear,technical_rejected,San Lorenzo padre massa en los,0.0,documentary_extension:pdf,2026-05-09T17:57:34.996410+00:00,,,,,blocked,rejected_unsupported_extension_for_review,,,2026-05-08T02:30:20.146838+00:00,0,,,,,,
IMG-SL-01-002-wikimedia-b0604011,SL-01-002,Q-SL-01-002-02,wikimedia,https://commons.wikimedia.org/wiki/File:Lorenzaccio_-_drama_en_cuatro_actos_(IA_lorenzacciodrama00muss_0).pdf,https://upload.wikimedia.org/wikipedia/commons/d/d2/Lorenzaccio_-_drama_en_cuatro_actos_%28IA_lorenzacciodrama00muss_0%29.pdf?utm_source=commons.wikimedia.org&utm_campaign=imageinfo&utm_content=original,,1179,1958,,0.1667,,clear,technical_rejected,San Lorenzo padre massa en los,0.0,documentary_extension:pdf,2026-05-09T17:57:34.996410+00:00,,,,,blocked,rejected_unsupported_extension_for_review,,,2026-05-08T02:30:20.153501+00:00,0,,,,,,
IMG-SL-01-002-wikimedia-b31bdbac,SL-01-002,Q-SL-01-002-02,wikimedia,https://commons.wikimedia.org/wiki/File:Carasucias_San_Lorenzo_de_Almagro_1964.jpg,https://upload.wikimedia.org/wikipedia/commons/c/c4/Carasucias_San_Lorenzo_de_Almagro_1964.jpg?utm_source=commons.wikimedia.org&utm_campaign=imageinfo&utm_content=original,,374,436,,1.0,dup-34fc016ceec4,clear,technical_rejected,San Lorenzo de Almagro,0.0,low_resolution:374x436,2026-05-09T17:57:34.996410+00:00,,,,,,,,,,,,,,,,
IMG-SL-01-002-wikimedia-bbf1f927,SL-01-002,Q-SL-01-002-04,wikimedia,https://commons.wikimedia.org/wiki/File:Boca_vs_san_lorenzo_1983.jpg,https://upload.wikimedia.org/wikipedia/commons/1/1d/Boca_vs_san_lorenzo_1983.jpg?utm_source=commons.wikimedia.org&utm_campaign=imageinfo&utm_content=original,output/raw/nace-el-ciclon/SL-01-002/IMG-SL-01-002-wikimedia-bbf1f927.jpg,724,451,,0.5,dup-340ebb3cbe54,clear,exported,San Lorenzo de Almagro,0.725,has_image_url;has_source_page;meets_min_dimensions;relevance:0.5000;license:clear,2026-05-09T17:57:34.996410+00:00,2fbf80c401ac18e26134198ac651f9fe1383cbfe8ea7c01e1992414c758e396d,90825,2026-05-09T18:28:25.410709+00:00,,passed,,image/jpeg,90825,2026-05-09T17:57:39.923820+00:00,0,,,,,,
IMG-SL-01-002-wikimedia-bd5e50b4,SL-01-002,Q-SL-01-002-04,wikimedia,https://commons.wikimedia.org/wiki/File:Carasucias_San_Lorenzo_de_Almagro_1964.jpg,https://upload.wikimedia.org/wikipedia/commons/c/c4/Carasucias_San_Lorenzo_de_Almagro_1964.jpg?utm_source=commons.wikimedia.org&utm_campaign=imageinfo&utm_content=original,,374,436,,1.0,dup-34fc016ceec4,clear,technical_rejected,San Lorenzo de Almagro,0.0,low_resolution:374x436,2026-05-09T17:57:34.996410+00:00,,,,,,,,,,,,,,,,
IMG-SL-01-002-wikimedia-c6c01fb3,SL-01-002,Q-SL-01-002-04,wikimedia,https://commons.wikimedia.org/wiki/File:Sede_San_Lorenzo_de_Almagro_de_Av._de_Mayo.jpg,https://upload.wikimedia.org/wikipedia/commons/a/a1/Sede_San_Lorenzo_de_Almagro_de_Av._de_Mayo.jpg?utm_source=commons.wikimedia.org&utm_campaign=imageinfo&utm_content=original,output/raw/nace-el-ciclon/SL-01-002/IMG-SL-01-002-wikimedia-c6c01fb3.jpg,2240,1344,,1.0,dup-1c20b85683c1,attribution_required,exported,San Lorenzo de Almagro,1.0,has_image_url;has_source_page;meets_min_dimensions;meets_preferred_dimensions;relevance:1.0000;license:attribution_required,2026-05-09T17:57:34.996410+00:00,291fe7f1a60e37eef8eed25aec66fc7fcb832070f47e1bcb7676d75dded603bf,866800,2026-05-09T18:36:57.240508+00:00,,passed,,image/jpeg,866800,2026-05-09T18:36:56.532281+00:00,0,,,,,,
IMG-SL-01-002-wikimedia-ce4c9472,SL-01-002,Q-SL-01-002-05,wikimedia,https://commons.wikimedia.org/wiki/File:Anales_de_la_Sociedad_Cient%C3%ADfica_Argentina_(IA_analesdelasocied2622soci).pdf,https://upload.wikimedia.org/wikipedia/commons/e/e9/Anales_de_la_Sociedad_Cient%C3%ADfica_Argentina_%28IA_analesdelasocied2622soci%29.pdf?utm_source=commons.wikimedia.org&utm_campaign=imageinfo&utm_content=original,,1420,2125,,0.0,,clear,technical_rejected,San Lorenzo Padre Lorenzo Massa en los origenes del club San Lorenzo imagen,0.0,documentary_extension:pdf,2026-05-09T17:57:34.996410+00:00,,,,,,,,,,,,,,,,
IMG-SL-01-002-wikimedia-d4b1df36,SL-01-002,Q-SL-01-002-03,wikimedia,https://commons.wikimedia.org/wiki/File:Teatro_del_clavel_-_cuadro_dom%C3%A9stich_en_un_acte_y_en_vers_(IA_teatrodelclavelc00camp).pdf,https://upload.wikimedia.org/wikipedia/commons/0/01/Teatro_del_clavel_-_cuadro_dom%C3%A9stich_en_un_acte_y_en_vers_%28IA_teatrodelclavelc00camp%29.pdf?utm_source=commons.wikimedia.org&utm_campaign=imageinfo&utm_content=original,,664,1122,,0.1667,,clear,technical_rejected,San Lorenzo padre massa en los,0.0,documentary_extension:pdf,2026-05-09T17:57:34.996410+00:00,,,,,blocked,rejected_unsupported_extension_for_review,,,2026-05-08T02:30:20.161269+00:00,0,,,,,,
IMG-SL-01-002-wikimedia-db6fe67d,SL-01-002,Q-SL-01-002-03,wikimedia,https://commons.wikimedia.org/wiki/File:Biblioteca_nueva_de_los_escritores_aragoneses_que_florecieron_desde_el_a%C3%B1o_de_1689_hasta_el_de_1753_(IA_BibliotecaNuevaDeEscritoresAragonese4).pdf,https://upload.wikimedia.org/wikipedia/commons/d/d2/Biblioteca_nueva_de_los_escritores_aragoneses_que_florecieron_desde_el_a%C3%B1o_de_1689_hasta_el_de_1753_%28IA_BibliotecaNuevaDeEscritoresAragonese4%29.pdf?utm_source=commons.wikimedia.org&utm_campaign=imageinfo&utm_content=original,,781,1187,,0.1667,,clear,technical_rejected,San Lorenzo padre massa en los,0.0,documentary_extension:pdf,2026-05-09T17:57:34.996410+00:00,,,,,blocked,rejected_unsupported_extension_for_review,,,2026-05-08T02:30:20.168473+00:00,0,,,,,,
IMG-SL-01-002-wikimedia-df147a73,SL-01-002,Q-SL-01-002-03,wikimedia,"https://commons.wikimedia.org/wiki/File:Ensayo_hist%C3%B3rico-cr%C3%ADtico_sobre_la_legislacion_y_principales_cuerpos_legales_de_los_reynos_de_Leon_y_Castilla,_especialmente_sobre_el_c%C3%B3digo_de_D._Alonso_el_Sabio_(IA_ensayohistoricocritico).pdf",https://upload.wikimedia.org/wikipedia/commons/e/e3/Ensayo_hist%C3%B3rico-cr%C3%ADtico_sobre_la_legislacion_y_principales_cuerpos_legales_de_los_reynos_de_Leon_y_Castilla%2C_especialmente_sobre_el_c%C3%B3digo_de_D._Alonso_el_Sabio_%28IA_ensayohistoricocritico%29.pdf?utm_source=commons.wikimedia.org&utm_campaign=imageinfo&utm_content=original,,1037,1487,,0.1667,,clear,technical_rejected,San Lorenzo padre massa en los,0.0,documentary_extension:pdf,2026-05-09T17:57:34.996410+00:00,,,,,blocked,rejected_unsupported_extension_for_review,,,2026-05-08T02:30:20.175671+00:00,0,,,,,,
IMG-SL-01-002-wikimedia-df6e1a79,SL-01-002,Q-SL-01-002-01,wikimedia,https://commons.wikimedia.org/wiki/File:Sede_San_Lorenzo_de_Almagro_de_Av._de_Mayo.jpg,https://upload.wikimedia.org/wikipedia/commons/a/a1/Sede_San_Lorenzo_de_Almagro_de_Av._de_Mayo.jpg?utm_source=commons.wikimedia.org&utm_campaign=imageinfo&utm_content=original,output/raw/nace-el-ciclon/SL-01-002/IMG-SL-01-002-wikimedia-df6e1a79.jpg,2240,1344,,1.0,dup-1c20b85683c1,attribution_required,exported,San Lorenzo de Almagro,1.0,has_image_url;has_source_page;meets_min_dimensions;meets_preferred_dimensions;relevance:1.0000;license:attribution_required,2026-05-09T17:57:34.996410+00:00,291fe7f1a60e37eef8eed25aec66fc7fcb832070f47e1bcb7676d75dded603bf,866800,2026-05-09T18:37:10.737036+00:00,,passed,,image/jpeg,866800,2026-05-09T18:37:10.176964+00:00,0,,,,,,
IMG-SL-01-002-wikimedia-e0910f6a,SL-01-002,Q-SL-01-002-02,wikimedia,https://commons.wikimedia.org/wiki/File:Compendio_de_la_historia_de_los_Estados_Unidos_de_Am%C3%A9rica;_puesta_en_castellano_(IA_compendiodelahis00pazo_0).pdf,https://upload.wikimedia.org/wikipedia/commons/e/ef/Compendio_de_la_historia_de_los_Estados_Unidos_de_Am%C3%A9rica%3B_puesta_en_castellano_%28IA_compendiodelahis00pazo_0%29.pdf?utm_source=commons.wikimedia.org&utm_campaign=imageinfo&utm_content=original,,554,877,,0.3333,,clear,technical_rejected,San Lorenzo padre massa en los,0.0,documentary_extension:pdf,2026-05-09T17:57:34.996410+00:00,,,,,blocked,rejected_unsupported_extension_for_review,,,2026-05-08T02:30:20.182873+00:00,0,,,,,,
IMG-SL-01-002-wikimedia-e28aade7,SL-01-002,Q-SL-01-002-02,wikimedia,https://commons.wikimedia.org/wiki/File:Sede_San_Lorenzo_de_Almagro_de_Av._de_Mayo.jpg,https://upload.wikimedia.org/wikipedia/commons/a/a1/Sede_San_Lorenzo_de_Almagro_de_Av._de_Mayo.jpg?utm_source=commons.wikimedia.org&utm_campaign=imageinfo&utm_content=original,,2240,1344,,1.0,dup-1c20b85683c1,attribution_required,needs_review,San Lorenzo de Almagro,1.0,has_image_url;has_source_page;meets_min_dimensions;meets_preferred_dimensions;relevance:1.0000;license:attribution_required,2026-05-09T17:57:34.996410+00:00,,,,,passed,,image/jpeg,866800,2026-05-09T18:37:10.321314+00:00,0,,,,,,
IMG-SL-01-002-wikimedia-e7baa383,SL-01-002,Q-SL-01-002-04,wikimedia,https://commons.wikimedia.org/wiki/File:Lorenzaccio_-_drama_en_cuatro_actos_(IA_lorenzacciodrama00muss_0).pdf,https://upload.wikimedia.org/wikipedia/commons/d/d2/Lorenzaccio_-_drama_en_cuatro_actos_%28IA_lorenzacciodrama00muss_0%29.pdf?utm_source=commons.wikimedia.org&utm_campaign=imageinfo&utm_content=original,,1179,1958,,0.1667,,clear,technical_rejected,San Lorenzo padre massa en los,0.0,documentary_extension:pdf,2026-05-09T17:57:34.996410+00:00,,,,,blocked,rejected_unsupported_extension_for_review,,,2026-05-08T02:30:20.189970+00:00,0,,,,,,
IMG-SL-01-002-wikimedia-eca4704e,SL-01-002,Q-SL-01-002-01,wikimedia,"https://commons.wikimedia.org/wiki/File:Ensayo_hist%C3%B3rico-cr%C3%ADtico_sobre_la_legislacion_y_principales_cuerpos_legales_de_los_reynos_de_Leon_y_Castilla,_especialmente_sobre_el_c%C3%B3digo_de_D._Alonso_el_Sabio_(IA_ensayohistoricocritico).pdf",https://upload.wikimedia.org/wikipedia/commons/e/e3/Ensayo_hist%C3%B3rico-cr%C3%ADtico_sobre_la_legislacion_y_principales_cuerpos_legales_de_los_reynos_de_Leon_y_Castilla%2C_especialmente_sobre_el_c%C3%B3digo_de_D._Alonso_el_Sabio_%28IA_ensayohistoricocritico%29.pdf?utm_source=commons.wikimedia.org&utm_campaign=imageinfo&utm_content=original,,1037,1487,,0.1667,,clear,technical_rejected,San Lorenzo padre massa en los,0.0,documentary_extension:pdf,2026-05-09T17:57:34.996410+00:00,,,,,blocked,rejected_unsupported_extension_for_review,,,2026-05-08T02:30:20.198310+00:00,0,,,,,,
IMG-SL-01-002-wikimedia-f580ef4b,SL-01-002,Q-SL-01-002-01,wikimedia,https://commons.wikimedia.org/wiki/File:Compendio_de_la_historia_de_los_Estados_Unidos_de_Am%C3%A9rica;_puesta_en_castellano_(IA_compendiodelahis00pazo_0).pdf,https://upload.wikimedia.org/wikipedia/commons/e/ef/Compendio_de_la_historia_de_los_Estados_Unidos_de_Am%C3%A9rica%3B_puesta_en_castellano_%28IA_compendiodelahis00pazo_0%29.pdf?utm_source=commons.wikimedia.org&utm_campaign=imageinfo&utm_content=original,,554,877,,0.3333,,clear,technical_rejected,San Lorenzo padre massa en los,0.0,documentary_extension:pdf,2026-05-09T17:57:34.996410+00:00,,,,,blocked,rejected_unsupported_extension_for_review,,,2026-05-08T02:30:20.206031+00:00,0,,,,,,
IMG-SL-01-002-wikimedia-f65931b1,SL-01-002,Q-SL-01-002-03,wikimedia,https://commons.wikimedia.org/wiki/File:Compendio_de_la_historia_de_los_Estados_Unidos_de_Am%C3%A9rica;_puesta_en_castellano_(IA_compendiodelahis00pazo_0).pdf,https://upload.wikimedia.org/wikipedia/commons/e/ef/Compendio_de_la_historia_de_los_Estados_Unidos_de_Am%C3%A9rica%3B_puesta_en_castellano_%28IA_compendiodelahis00pazo_0%29.pdf?utm_source=commons.wikimedia.org&utm_campaign=imageinfo&utm_content=original,,554,877,,0.3333,,clear,technical_rejected,San Lorenzo padre massa en los,0.0,documentary_extension:pdf,2026-05-09T17:57:34.996410+00:00,,,,,blocked,rejected_unsupported_extension_for_review,,,2026-05-08T02:30:20.214542+00:00,0,,,,,,
IMG-SL-01-002-wikimedia-fa3cd730,SL-01-002,Q-SL-01-002-03,wikimedia,https://commons.wikimedia.org/wiki/File:1940_Rosario_Central_1-San_Lorenzo_de_Almagro_0_-1.png,https://upload.wikimedia.org/wikipedia/commons/1/15/1940_Rosario_Central_1-San_Lorenzo_de_Almagro_0_-1.png?utm_source=commons.wikimedia.org&utm_campaign=imageinfo&utm_content=original,,168,240,,0.6667,dup-45b1dcb8507d,clear,technical_rejected,Club Atletico San Lorenzo de Almagro,0.0,low_resolution:168x240,2026-05-09T17:57:34.996410+00:00,,,,,,,,,,,,,,,,
IMG-SL-01-003-wikimedia-026d9a91,SL-01-003,Q-SL-01-003-04,wikimedia,https://commons.wikimedia.org/wiki/File:Diccionario_historico_de_los_mas_ilustres_profesores_de_las_bellas_artes_en_Espana_(IA_diccionariohisto06cean).pdf,https://upload.wikimedia.org/wikipedia/commons/f/f3/Diccionario_historico_de_los_mas_ilustres_profesores_de_las_bellas_artes_en_Espana_%28IA_diccionariohisto06cean%29.pdf?utm_source=commons.wikimedia.org&utm_campaign=imageinfo&utm_content=original,,639,1029,,0.3333,,clear,technical_rejected,San Lorenzo primer escudo historico de,0.0,documentary_extension:pdf,2026-05-09T18:52:43.800190+00:00,,,,,blocked,rejected_unsupported_extension_for_review,,,2026-05-08T02:30:20.221732+00:00,0,,,,,,
IMG-SL-01-003-wikimedia-0f091c68,SL-01-003,Q-SL-01-003-03,wikimedia,"https://commons.wikimedia.org/wiki/File:Decolonialidad_originaria,_barroco_mestizo_y_territorio_en_Am%C3%A9rica_Latina_(del_Rosario_de_Puebla_a_Tonantzintla_de_Cholula,_M%C3%A9xico),_Anais_do_Museu_Paulista.pdf",https://upload.wikimedia.org/wikipedia/commons/d/d0/Decolonialidad_originaria%2C_barroco_mestizo_y_territorio_en_Am%C3%A9rica_Latina_%28del_Rosario_de_Puebla_a_Tonantzintla_de_Cholula%2C_M%C3%A9xico%29%2C_Anais_do_Museu_Paulista.pdf?utm_source=commons.wikimedia.org&utm_campaign=imageinfo&utm_content=original,,1239,1475,,0.125,,attribution_required,technical_rejected,San Lorenzo Primer escudo historico de San Lorenzo foto imagen,0.0,documentary_extension:pdf,2026-05-09T18:52:43.800190+00:00,,,,,,,,,,,,,,,,
IMG-SL-01-003-wikimedia-1755f123,SL-01-003,Q-SL-01-003-01,wikimedia,https://commons.wikimedia.org/wiki/File:Diccionario_historico_de_los_mas_ilustres_profesores_de_las_bellas_artes_en_Espana_(IA_diccionariohisto03cean).pdf,https://upload.wikimedia.org/wikipedia/commons/c/c2/Diccionario_historico_de_los_mas_ilustres_profesores_de_las_bellas_artes_en_Espana_%28IA_diccionariohisto03cean%29.pdf?utm_source=commons.wikimedia.org&utm_campaign=imageinfo&utm_content=original,,639,1031,,0.3333,,clear,technical_rejected,San Lorenzo primer escudo historico de,0.0,documentary_extension:pdf,2026-05-09T18:52:43.800190+00:00,,,,,blocked,rejected_unsupported_extension_for_review,,,2026-05-08T02:30:20.229514+00:00,0,,,,,,
IMG-SL-01-003-wikimedia-2645045f,SL-01-003,Q-SL-01-003-02,wikimedia,https://commons.wikimedia.org/wiki/File:Diccionario_historico_de_los_mas_ilustres_profesores_de_las_bellas_artes_en_Espana_(IA_diccionariohisto02cean).pdf,https://upload.wikimedia.org/wikipedia/commons/7/74/Diccionario_historico_de_los_mas_ilustres_profesores_de_las_bellas_artes_en_Espana_%28IA_diccionariohisto02cean%29.pdf?utm_source=commons.wikimedia.org&utm_campaign=imageinfo&utm_content=original,,645,1037,,0.3333,,clear,technical_rejected,San Lorenzo primer escudo historico de,0.0,documentary_extension:pdf,2026-05-09T18:52:43.800190+00:00,,,,,blocked,rejected_unsupported_extension_for_review,,,2026-05-08T02:30:20.237772+00:00,0,,,,,,
IMG-SL-01-003-wikimedia-2cb85df9,SL-01-003,Q-SL-01-003-04,wikimedia,https://commons.wikimedia.org/wiki/File:Diccionario_historico_de_los_mas_ilustres_profesores_de_las_bellas_artes_en_Espana_(IA_diccionariohisto03cean).pdf,https://upload.wikimedia.org/wikipedia/commons/c/c2/Diccionario_historico_de_los_mas_ilustres_profesores_de_las_bellas_artes_en_Espana_%28IA_diccionariohisto03cean%29.pdf?utm_source=commons.wikimedia.org&utm_campaign=imageinfo&utm_content=original,,639,1031,,0.3333,,clear,technical_rejected,San Lorenzo primer escudo historico de,0.0,documentary_extension:pdf,2026-05-09T18:52:43.800190+00:00,,,,,blocked,rejected_unsupported_extension_for_review,,,2026-05-08T02:30:20.244446+00:00,0,,,,,,
IMG-SL-01-003-wikimedia-2fb217ca,SL-01-003,Q-SL-01-003-05,wikimedia,https://commons.wikimedia.org/wiki/File:Diccionario_historico_de_los_mas_ilustres_profesores_de_las_bellas_artes_en_Espana_(IA_diccionariohisto03cean).pdf,https://upload.wikimedia.org/wikipedia/commons/c/c2/Diccionario_historico_de_los_mas_ilustres_profesores_de_las_bellas_artes_en_Espana_%28IA_diccionariohisto03cean%29.pdf?utm_source=commons.wikimedia.org&utm_campaign=imageinfo&utm_content=original,,639,1031,,0.2857,,clear,technical_rejected,San Lorenzo Primer escudo historico de San Lorenzo San Lorenzo imagen,0.0,documentary_extension:pdf,2026-05-09T18:52:43.800190+00:00,,,,,blocked,rejected_unsupported_extension_for_review,,,2026-05-08T02:30:20.250118+00:00,0,,,,,,
IMG-SL-01-003-wikimedia-3b403993,SL-01-003,Q-SL-01-003-01,wikimedia,https://commons.wikimedia.org/wiki/File:Diccionario_historico_de_los_mas_ilustres_profesores_de_las_bellas_artes_en_Espana_(IA_diccionariohisto01cean).pdf,https://upload.wikimedia.org/wikipedia/commons/0/0b/Diccionario_historico_de_los_mas_ilustres_profesores_de_las_bellas_artes_en_Espana_%28IA_diccionariohisto01cean%29.pdf?utm_source=commons.wikimedia.org&utm_campaign=imageinfo&utm_content=original,,647,1035,,0.3333,,clear,technical_rejected,San Lorenzo primer escudo historico de,0.0,documentary_extension:pdf,2026-05-09T18:52:43.800190+00:00,,,,,blocked,rejected_unsupported_extension_for_review,,,2026-05-08T02:30:20.258621+00:00,0,,,,,,
IMG-SL-01-003-wikimedia-46a2cd2c,SL-01-003,Q-SL-01-003-02,wikimedia,https://commons.wikimedia.org/wiki/File:Diccionario_historico_de_los_mas_ilustres_profesores_de_las_bellas_artes_en_Espana_(IA_diccionariohisto01cean).pdf,https://upload.wikimedia.org/wikipedia/commons/0/0b/Diccionario_historico_de_los_mas_ilustres_profesores_de_las_bellas_artes_en_Espana_%28IA_diccionariohisto01cean%29.pdf?utm_source=commons.wikimedia.org&utm_campaign=imageinfo&utm_content=original,,647,1035,,0.3333,,clear,technical_rejected,San Lorenzo primer escudo historico de,0.0,documentary_extension:pdf,2026-05-09T18:52:43.800190+00:00,,,,,blocked,rejected_unsupported_extension_for_review,,,2026-05-08T02:30:20.265353+00:00,0,,,,,,
IMG-SL-01-003-wikimedia-47754a73,SL-01-003,Q-SL-01-003-02,wikimedia,https://commons.wikimedia.org/wiki/File:Diccionario_historico_de_los_mas_ilustres_profesores_de_las_bellas_artes_en_Espana_(IA_diccionariohisto03cean).pdf,https://upload.wikimedia.org/wikipedia/commons/c/c2/Diccionario_historico_de_los_mas_ilustres_profesores_de_las_bellas_artes_en_Espana_%28IA_diccionariohisto03cean%29.pdf?utm_source=commons.wikimedia.org&utm_campaign=imageinfo&utm_content=original,,639,1031,,0.3333,,clear,technical_rejected,San Lorenzo primer escudo historico de,0.0,documentary_extension:pdf,2026-05-09T18:52:43.800190+00:00,,,,,blocked,rejected_unsupported_extension_for_review,,,2026-05-08T02:30:20.272545+00:00,0,,,,,,
IMG-SL-01-003-wikimedia-49b4aa4a,SL-01-003,Q-SL-01-003-01,wikimedia,https://commons.wikimedia.org/wiki/File:Diccionario_historico_de_los_mas_ilustres_profesores_de_las_bellas_artes_en_Espana_(IA_diccionariohisto05cean).pdf,https://upload.wikimedia.org/wikipedia/commons/7/74/Diccionario_historico_de_los_mas_ilustres_profesores_de_las_bellas_artes_en_Espana_%28IA_diccionariohisto05cean%29.pdf?utm_source=commons.wikimedia.org&utm_campaign=imageinfo&utm_content=original,,645,1029,,0.3333,,clear,technical_rejected,San Lorenzo primer escudo historico de,0.0,documentary_extension:pdf,2026-05-09T18:52:43.800190+00:00,,,,,blocked,rejected_unsupported_extension_for_review,,,2026-05-08T02:30:20.280209+00:00,0,,,,,,
IMG-SL-01-003-wikimedia-a7da20af,SL-01-003,Q-SL-01-003-01,wikimedia,https://commons.wikimedia.org/wiki/File:Diccionario_historico_de_los_mas_ilustres_profesores_de_las_bellas_artes_en_Espana_(IA_diccionariohisto02cean).pdf,https://upload.wikimedia.org/wikipedia/commons/7/74/Diccionario_historico_de_los_mas_ilustres_profesores_de_las_bellas_artes_en_Espana_%28IA_diccionariohisto02cean%29.pdf?utm_source=commons.wikimedia.org&utm_campaign=imageinfo&utm_content=original,,645,1037,,0.3333,,clear,technical_rejected,San Lorenzo primer escudo historico de,0.0,documentary_extension:pdf,2026-05-09T18:52:43.800190+00:00,,,,,blocked,rejected_unsupported_extension_for_review,,,2026-05-08T02:30:20.286920+00:00,0,,,,,,
IMG-SL-01-003-wikimedia-b0c5b8c5,SL-01-003,Q-SL-01-003-04,wikimedia,https://commons.wikimedia.org/wiki/File:Diccionario_historico_de_los_mas_ilustres_profesores_de_las_bellas_artes_en_Espana_(IA_diccionariohisto01cean).pdf,https://upload.wikimedia.org/wikipedia/commons/0/0b/Diccionario_historico_de_los_mas_ilustres_profesores_de_las_bellas_artes_en_Espana_%28IA_diccionariohisto01cean%29.pdf?utm_source=commons.wikimedia.org&utm_campaign=imageinfo&utm_content=original,,647,1035,,0.3333,,clear,technical_rejected,San Lorenzo primer escudo historico de,0.0,documentary_extension:pdf,2026-05-09T18:52:43.800190+00:00,,,,,blocked,rejected_unsupported_extension_for_review,,,2026-05-08T02:30:20.294745+00:00,0,,,,,,
IMG-SL-01-003-wikimedia-b4be70d8,SL-01-003,Q-SL-01-003-04,wikimedia,https://commons.wikimedia.org/wiki/File:Diccionario_historico_de_los_mas_ilustres_profesores_de_las_bellas_artes_en_Espana_(IA_diccionariohisto02cean).pdf,https://upload.wikimedia.org/wikipedia/commons/7/74/Diccionario_historico_de_los_mas_ilustres_profesores_de_las_bellas_artes_en_Espana_%28IA_diccionariohisto02cean%29.pdf?utm_source=commons.wikimedia.org&utm_campaign=imageinfo&utm_content=original,,645,1037,,0.3333,,clear,technical_rejected,San Lorenzo primer escudo historico de,0.0,documentary_extension:pdf,2026-05-09T18:52:43.800190+00:00,,,,,blocked,rejected_unsupported_extension_for_review,,,2026-05-08T02:30:20.301349+00:00,0,,,,,,
IMG-SL-01-003-wikimedia-b7d5c67c,SL-01-003,Q-SL-01-003-04,wikimedia,https://commons.wikimedia.org/wiki/File:Diccionario_historico_de_los_mas_ilustres_profesores_de_las_bellas_artes_en_Espana_(IA_diccionariohisto05cean).pdf,https://upload.wikimedia.org/wikipedia/commons/7/74/Diccionario_historico_de_los_mas_ilustres_profesores_de_las_bellas_artes_en_Espana_%28IA_diccionariohisto05cean%29.pdf?utm_source=commons.wikimedia.org&utm_campaign=imageinfo&utm_content=original,,645,1029,,0.3333,,clear,technical_rejected,San Lorenzo primer escudo historico de,0.0,documentary_extension:pdf,2026-05-09T18:52:43.800190+00:00,,,,,blocked,rejected_unsupported_extension_for_review,,,2026-05-08T02:30:20.306942+00:00,0,,,,,,
IMG-SL-01-003-wikimedia-bca8a3de,SL-01-003,Q-SL-01-003-02,wikimedia,https://commons.wikimedia.org/wiki/File:Diccionario_historico_de_los_mas_ilustres_profesores_de_las_bellas_artes_en_Espana_(IA_diccionariohisto06cean).pdf,https://upload.wikimedia.org/wikipedia/commons/f/f3/Diccionario_historico_de_los_mas_ilustres_profesores_de_las_bellas_artes_en_Espana_%28IA_diccionariohisto06cean%29.pdf?utm_source=commons.wikimedia.org&utm_campaign=imageinfo&utm_content=original,,639,1029,,0.3333,,clear,technical_rejected,San Lorenzo primer escudo historico de,0.0,documentary_extension:pdf,2026-05-09T18:52:43.800190+00:00,,,,,blocked,rejected_unsupported_extension_for_review,,,2026-05-08T02:30:20.314139+00:00,0,,,,,,
IMG-SL-01-003-wikimedia-bd64e81a,SL-01-003,Q-SL-01-003-05,wikimedia,https://commons.wikimedia.org/wiki/File:Cat%C3%A1logo_hist%C3%B3rico-descriptivo_de_la_Real_Armer%C3%ADa_de_Madrid_(IA_catlogohistricod00real).pdf,https://upload.wikimedia.org/wikipedia/commons/6/69/Cat%C3%A1logo_hist%C3%B3rico-descriptivo_de_la_Real_Armer%C3%ADa_de_Madrid_%28IA_catlogohistricod00real%29.pdf?utm_source=commons.wikimedia.org&utm_campaign=imageinfo&utm_content=original,,693,975,,0.2857,,clear,technical_rejected,San Lorenzo Primer escudo historico de San Lorenzo San Lorenzo imagen,0.0,documentary_extension:pdf,2026-05-09T18:52:43.800190+00:00,,,,,blocked,rejected_unsupported_extension_for_review,,,2026-05-08T02:30:20.320222+00:00,0,,,,,,
IMG-SL-01-003-wikimedia-c3bbe5d7,SL-01-003,Q-SL-01-003-05,wikimedia,https://commons.wikimedia.org/wiki/File:Diccionario_historico_de_los_mas_ilustres_profesores_de_las_bellas_artes_en_Espana_(IA_diccionariohisto05cean).pdf,https://upload.wikimedia.org/wikipedia/commons/7/74/Diccionario_historico_de_los_mas_ilustres_profesores_de_las_bellas_artes_en_Espana_%28IA_diccionariohisto05cean%29.pdf?utm_source=commons.wikimedia.org&utm_campaign=imageinfo&utm_content=original,,645,1029,,0.2857,,clear,technical_rejected,San Lorenzo Primer escudo historico de San Lorenzo San Lorenzo imagen,0.0,documentary_extension:pdf,2026-05-09T18:52:43.800190+00:00,,,,,blocked,rejected_unsupported_extension_for_review,,,2026-05-08T02:30:20.327116+00:00,0,,,,,,
IMG-SL-01-003-wikimedia-d7ced40e,SL-01-003,Q-SL-01-003-02,wikimedia,https://commons.wikimedia.org/wiki/File:Diccionario_historico_de_los_mas_ilustres_profesores_de_las_bellas_artes_en_Espana_(IA_diccionariohisto05cean).pdf,https://upload.wikimedia.org/wikipedia/commons/7/74/Diccionario_historico_de_los_mas_ilustres_profesores_de_las_bellas_artes_en_Espana_%28IA_diccionariohisto05cean%29.pdf?utm_source=commons.wikimedia.org&utm_campaign=imageinfo&utm_content=original,,645,1029,,0.3333,,clear,technical_rejected,San Lorenzo primer escudo historico de,0.0,documentary_extension:pdf,2026-05-09T18:52:43.800190+00:00,,,,,blocked,rejected_unsupported_extension_for_review,,,2026-05-08T02:30:20.337242+00:00,0,,,,,,
IMG-SL-01-003-wikimedia-e14918bc,SL-01-003,Q-SL-01-003-01,wikimedia,https://commons.wikimedia.org/wiki/File:Diccionario_historico_de_los_mas_ilustres_profesores_de_las_bellas_artes_en_Espana_(IA_diccionariohisto06cean).pdf,https://upload.wikimedia.org/wikipedia/commons/f/f3/Diccionario_historico_de_los_mas_ilustres_profesores_de_las_bellas_artes_en_Espana_%28IA_diccionariohisto06cean%29.pdf?utm_source=commons.wikimedia.org&utm_campaign=imageinfo&utm_content=original,,639,1029,,0.3333,,clear,technical_rejected,San Lorenzo primer escudo historico de,0.0,documentary_extension:pdf,2026-05-09T18:52:43.800190+00:00,,,,,blocked,rejected_unsupported_extension_for_review,,,2026-05-08T02:30:20.343421+00:00,0,,,,,,
IMG-SL-01-003-wikimedia-e9aca867,SL-01-003,Q-SL-01-003-05,wikimedia,https://commons.wikimedia.org/wiki/File:El_molinero_de_Subiza_-_zarzuela_hist%C3%B3rico-romancesca_en_tres_actos_y_en_verso_(IA_elmolinerodesubi158112oud).pdf,https://upload.wikimedia.org/wikipedia/commons/4/4b/El_molinero_de_Subiza_-_zarzuela_hist%C3%B3rico-romancesca_en_tres_actos_y_en_verso_%28IA_elmolinerodesubi158112oud%29.pdf?utm_source=commons.wikimedia.org&utm_campaign=imageinfo&utm_content=original,,675,1081,,0.2857,,clear,technical_rejected,San Lorenzo Primer escudo historico de San Lorenzo San Lorenzo imagen,0.0,documentary_extension:pdf,2026-05-09T18:52:43.800190+00:00,,,,,blocked,rejected_unsupported_extension_for_review,,,2026-05-08T02:30:20.350066+00:00,0,,,,,,
IMG-SL-01-003-wikimedia-ef0cd85d,SL-01-003,Q-SL-01-003-05,wikimedia,https://commons.wikimedia.org/wiki/File:Diccionario_historico_de_los_mas_ilustres_profesores_de_las_bellas_artes_en_Espana_(IA_diccionariohisto06cean).pdf,https://upload.wikimedia.org/wikipedia/commons/f/f3/Diccionario_historico_de_los_mas_ilustres_profesores_de_las_bellas_artes_en_Espana_%28IA_diccionariohisto06cean%29.pdf?utm_source=commons.wikimedia.org&utm_campaign=imageinfo&utm_content=original,,639,1029,,0.2857,,clear,technical_rejected,San Lorenzo Primer escudo historico de San Lorenzo San Lorenzo imagen,0.0,documentary_extension:pdf,2026-05-09T18:52:43.800190+00:00,,,,http_error:429,blocked,rejected_unsupported_extension_for_review,,,2026-05-08T02:30:20.355205+00:00,0,,,,,,
IMG-SL-01-004-wikimedia-2e5606a5,SL-01-004,Q-SL-01-004-01,wikimedia,https://commons.wikimedia.org/wiki/File:PLAN_DE_DESARROLLO_MUNICIPAL_2012.pdf,https://upload.wikimedia.org/wikipedia/commons/b/bb/PLAN_DE_DESARROLLO_MUNICIPAL_2012.pdf?utm_source=commons.wikimedia.org&utm_campaign=imageinfo&utm_content=original,,1275,1650,,0.1667,,attribution_required,technical_rejected,San Lorenzo primer equipo representativo de,0.0,documentary_extension:pdf,2026-05-09T18:52:52.119693+00:00,,,,http_error:429,blocked,rejected_unsupported_extension_for_review,,,2026-05-08T02:30:20.361352+00:00,0,,,,,,
IMG-SL-01-004-wikimedia-5632ed64,SL-01-004,Q-SL-01-004-01,wikimedia,https://commons.wikimedia.org/wiki/File:Anales_de_la_Sociedad_Cient%C3%ADfica_Argentina_(IA_analesdelasocied2622soci).pdf,https://upload.wikimedia.org/wikipedia/commons/e/e9/Anales_de_la_Sociedad_Cient%C3%ADfica_Argentina_%28IA_analesdelasocied2622soci%29.pdf?utm_source=commons.wikimedia.org&utm_campaign=imageinfo&utm_content=original,,1420,2125,,0.1667,,clear,technical_rejected,San Lorenzo primer equipo representativo de,0.0,documentary_extension:pdf,2026-05-09T18:52:52.119693+00:00,,,,http_error:429,blocked,rejected_unsupported_extension_for_review,,,2026-05-08T02:30:20.366975+00:00,0,,,,,,
IMG-SL-01-004-wikimedia-847eb2b9,SL-01-004,Q-SL-01-004-01,wikimedia,https://commons.wikimedia.org/wiki/File:OJ_L_No._101_of_2012_-_ES_Spanish.pdf,https://upload.wikimedia.org/wikipedia/commons/3/3b/OJ_L_No._101_of_2012_-_ES_Spanish.pdf?utm_source=commons.wikimedia.org&utm_campaign=imageinfo&utm_content=original,,1239,1752,,0.0,,clear,technical_rejected,San Lorenzo primer equipo representativo de,0.0,documentary_extension:pdf,2026-05-09T18:52:52.119693+00:00,,,,,,,,,,,,,,,,
IMG-SL-01-004-wikimedia-896da858,SL-01-004,Q-SL-01-004-01,wikimedia,https://commons.wikimedia.org/wiki/File:Anales_de_la_Sociedad_Cient%C3%A2ifica_Argentina_(IA_analesd13813919441945soci).pdf,https://upload.wikimedia.org/wikipedia/commons/1/1c/Anales_de_la_Sociedad_Cient%C3%A2ifica_Argentina_%28IA_analesd13813919441945soci%29.pdf?utm_source=commons.wikimedia.org&utm_campaign=imageinfo&utm_content=original,,908,1518,,0.0,,clear,technical_rejected,San Lorenzo nace el ciclon,0.0,documentary_extension:pdf,2026-05-09T18:52:52.119693+00:00,,,,,,,,,,,,,,,,
IMG-SL-01-004-wikimedia-9f40517a,SL-01-004,Q-SL-01-004-01,wikimedia,https://commons.wikimedia.org/wiki/File:El_argentino_-_Mariano_A._Pelliza.pdf,https://upload.wikimedia.org/wikipedia/commons/4/45/El_argentino_-_Mariano_A._Pelliza.pdf?utm_source=commons.wikimedia.org&utm_campaign=imageinfo&utm_content=original,,645,891,,0.0,,clear,technical_rejected,San Lorenzo primer equipo representativo de,0.0,documentary_extension:pdf,2026-05-09T18:52:52.119693+00:00,,,,,,,,,,,,,,,,
IMG-SL-01-004-wikimedia-d81d0939,SL-01-004,Q-SL-01-004-01,wikimedia,https://commons.wikimedia.org/wiki/File:Todo_coraz%C3%B3n_-_juguete_c%C3%B3mico_en_tres_actos_y_en_prosa_(IA_todocorazonjugue456plan).pdf,https://upload.wikimedia.org/wikipedia/commons/e/ec/Todo_coraz%C3%B3n_-_juguete_c%C3%B3mico_en_tres_actos_y_en_prosa_%28IA_todocorazonjugue456plan%29.pdf?utm_source=commons.wikimedia.org&utm_campaign=imageinfo&utm_content=original,,739,1110,,0.0,,clear,technical_rejected,San Lorenzo nace el ciclon,0.0,documentary_extension:pdf,2026-05-09T18:52:52.119693+00:00,,,,,,,,,,,,,,,,
IMG-SL-01-004-wikimedia-e8e63ca5,SL-01-004,Q-SL-01-004-01,wikimedia,"https://commons.wikimedia.org/wiki/File:Gij%C3%B3n,_verano_del_a%C3%B1o_1904_-_grandes_fiestas_desde_el_15_de_julio_al_15_septiembre_(IA_gijonveranodelan00unse).pdf",https://upload.wikimedia.org/wikipedia/commons/0/0c/Gij%C3%B3n%2C_verano_del_a%C3%B1o_1904_-_grandes_fiestas_desde_el_15_de_julio_al_15_septiembre_%28IA_gijonveranodelan00unse%29.pdf?utm_source=commons.wikimedia.org&utm_campaign=imageinfo&utm_content=original,,1081,1631,,0.1667,,clear,technical_rejected,San Lorenzo primer equipo representativo de,0.0,documentary_extension:pdf,2026-05-09T18:52:52.119693+00:00,,,,invalid_content_type:application/pdf,blocked,unsupported_content_type:application/pdf,application/pdf,3769454,2026-05-09T17:48:31.786150+00:00,0,,,,,,
IMG-SL-01-005-general-web-08315fb2,SL-01-005,Q-SL-01-005-05,general_web,https://es.wikipedia.org/wiki/Hinchada_del_Club_Atl%C3%A9tico_Rosario_Central,https://upload.wikimedia.org/wikipedia/commons/a/a7/Hinchada_de_Rosario_Central_Bandera151.jpg,,2048,1536,,0.2,dup-b84d9db371bf,needs_manual_review,technical_rejected,San Lorenzo Primeras camisetas azulgranas del club archivo historico imagen,0.73,has_image_url;has_source_page;meets_min_dimensions;meets_preferred_dimensions;relevance:0.2000;license:needs_manual_review;preflight_blocked:provider_not_allowed,2026-05-09T18:53:07.057861+00:00,,,,,blocked,provider_not_allowed,,,2026-05-09T18:53:07.151815+00:00,0,,,,,,
IMG-SL-01-005-general-web-1054fce4,SL-01-005,Q-SL-01-005-03,general_web,https://es.wikipedia.org/wiki/Club_Atl%C3%A9tico_Independiente_(Chivilcoy),https://upload.wikimedia.org/wikipedia/commons/2/27/EscudoOficialIndependienteChivilcoy.png,,1010,1137,,0.1111,dup-2a16c31aa5f8,needs_manual_review,semantic_rejected,San Lorenzo Primeras camisetas azulgranas del club camiseta casaca,0.0,low_relevance:0.1111,2026-05-09T18:53:07.057861+00:00,,,,,,,,,,,,,,,,
IMG-SL-01-005-general-web-893760cc,SL-01-005,Q-SL-01-005-03,general_web,https://es.wikipedia.org/wiki/Julio_Buffarini,https://upload.wikimedia.org/wikipedia/commons/1/1b/Buffaindependiente.jpg,,1716,2850,,0.0,dup-0386fab1aa90,needs_manual_review,semantic_rejected,San Lorenzo Primeras camisetas azulgranas del club camiseta casaca,0.0,low_relevance:0.0000,2026-05-09T18:53:07.057861+00:00,,,,,,,,,,,,,,,,
IMG-SL-01-005-general-web-ea32dad3,SL-01-005,Q-SL-01-005-05,general_web,https://es.wikipedia.org/wiki/Cinco_grandes_del_f%C3%BAtbol_argentino,https://upload.wikimedia.org/wikipedia/commons/d/d7/Historia_5_grandes_futbol_libro.jpg,,1200,1644,,0.1,dup-14043e4fa9e0,needs_manual_review,semantic_rejected,San Lorenzo Primeras camisetas azulgranas del club archivo historico imagen,0.0,low_relevance:0.1000,2026-05-09T18:53:07.057861+00:00,,,,,,,,,,,,,,,,
IMG-SL-01-005-wikimedia-4d6a98b1,SL-01-005,Q-SL-01-005-01,wikimedia,https://commons.wikimedia.org/wiki/File:Anales_de_la_Sociedad_Cient%C3%A2ifica_Argentina_(IA_analesd13813919441945soci).pdf,https://upload.wikimedia.org/wikipedia/commons/1/1c/Anales_de_la_Sociedad_Cient%C3%A2ifica_Argentina_%28IA_analesd13813919441945soci%29.pdf?utm_source=commons.wikimedia.org&utm_campaign=imageinfo&utm_content=original,,908,1518,,0.0,,clear,technical_rejected,San Lorenzo nace el ciclon,0.0,documentary_extension:pdf,2026-05-09T18:53:07.057861+00:00,,,,,,,,,,,,,,,,
IMG-SL-01-005-wikimedia-aab24546,SL-01-005,Q-SL-01-005-03,wikimedia,https://commons.wikimedia.org/wiki/File:Anales_de_la_Sociedad_Cient%C3%A2ifica_Argentina_(IA_analesd13813919441945soci).pdf,https://upload.wikimedia.org/wikipedia/commons/1/1c/Anales_de_la_Sociedad_Cient%C3%A2ifica_Argentina_%28IA_analesd13813919441945soci%29.pdf?utm_source=commons.wikimedia.org&utm_campaign=imageinfo&utm_content=original,,908,1518,,0.0,,clear,technical_rejected,San Lorenzo nace el ciclon,0.0,documentary_extension:pdf,2026-05-09T18:53:07.057861+00:00,,,,,,,,,,,,,,,,
IMG-SL-01-005-wikimedia-af48ed4f,SL-01-005,Q-SL-01-005-02,wikimedia,https://commons.wikimedia.org/wiki/File:Todo_coraz%C3%B3n_-_juguete_c%C3%B3mico_en_tres_actos_y_en_prosa_(IA_todocorazonjugue456plan).pdf,https://upload.wikimedia.org/wikipedia/commons/e/ec/Todo_coraz%C3%B3n_-_juguete_c%C3%B3mico_en_tres_actos_y_en_prosa_%28IA_todocorazonjugue456plan%29.pdf?utm_source=commons.wikimedia.org&utm_campaign=imageinfo&utm_content=original,,739,1110,,0.0,,clear,technical_rejected,San Lorenzo nace el ciclon,0.0,documentary_extension:pdf,2026-05-09T18:53:07.057861+00:00,,,,,,,,,,,,,,,,
IMG-SL-01-005-wikimedia-b79babc8,SL-01-005,Q-SL-01-005-03,wikimedia,https://commons.wikimedia.org/wiki/File:Todo_coraz%C3%B3n_-_juguete_c%C3%B3mico_en_tres_actos_y_en_prosa_(IA_todocorazonjugue456plan).pdf,https://upload.wikimedia.org/wikipedia/commons/e/ec/Todo_coraz%C3%B3n_-_juguete_c%C3%B3mico_en_tres_actos_y_en_prosa_%28IA_todocorazonjugue456plan%29.pdf?utm_source=commons.wikimedia.org&utm_campaign=imageinfo&utm_content=original,,739,1110,,0.0,,clear,technical_rejected,San Lorenzo nace el ciclon,0.0,documentary_extension:pdf,2026-05-09T18:53:07.057861+00:00,,,,,,,,,,,,,,,,
IMG-SL-01-005-wikimedia-b821f0da,SL-01-005,Q-SL-01-005-02,wikimedia,https://commons.wikimedia.org/wiki/File:Anales_de_la_Sociedad_Cient%C3%A2ifica_Argentina_(IA_analesd13813919441945soci).pdf,https://upload.wikimedia.org/wikipedia/commons/1/1c/Anales_de_la_Sociedad_Cient%C3%A2ifica_Argentina_%28IA_analesd13813919441945soci%29.pdf?utm_source=commons.wikimedia.org&utm_campaign=imageinfo&utm_content=original,,908,1518,,0.0,,clear,technical_rejected,San Lorenzo nace el ciclon,0.0,documentary_extension:pdf,2026-05-09T18:53:07.057861+00:00,,,,,,,,,,,,,,,,
IMG-SL-01-005-wikimedia-c0efff0c,SL-01-005,Q-SL-01-005-01,wikimedia,https://commons.wikimedia.org/wiki/File:Todo_coraz%C3%B3n_-_juguete_c%C3%B3mico_en_tres_actos_y_en_prosa_(IA_todocorazonjugue456plan).pdf,https://upload.wikimedia.org/wikipedia/commons/e/ec/Todo_coraz%C3%B3n_-_juguete_c%C3%B3mico_en_tres_actos_y_en_prosa_%28IA_todocorazonjugue456plan%29.pdf?utm_source=commons.wikimedia.org&utm_campaign=imageinfo&utm_content=original,,739,1110,,0.0,,clear,technical_rejected,San Lorenzo nace el ciclon,0.0,documentary_extension:pdf,2026-05-09T18:53:07.057861+00:00,,,,,,,,,,,,,,,,
IMG-SL-01-009-general-web-3c617f0b,SL-01-009,Q-SL-01-009-05,general_web,https://es.wikipedia.org/wiki/El_Cl%C3%A1sico,https://upload.wikimedia.org/wikipedia/commons/3/3e/Lass_Messi.jpg,,1525,1265,,0.0,dup-cd95e46cbc93,needs_manual_review,semantic_rejected,San Lorenzo Documentos institucionales de la fundacion azulgrana San Lorenzo imagen,0.0,low_relevance:0.0000,2026-05-09T18:54:06.345484+00:00,,,,,,,,,,,,,,,,
IMG-SL-01-009-general-web-62c7b4eb,SL-01-009,Q-SL-01-009-05,general_web,https://es.wikipedia.org/wiki/Real_Madrid_Baloncesto,https://upload.wikimedia.org/wikipedia/commons/5/52/RealMadrid_baloncesto.png,,962,349,,0.0,dup-4f873979a692,needs_manual_review,technical_rejected,San Lorenzo Documentos institucionales de la fundacion azulgrana San Lorenzo imagen,0.0,low_resolution:962x349,2026-05-09T18:54:06.345484+00:00,,,,,,,,,,,,,,,,
IMG-SL-01-013-general-web-7f84a30f,SL-01-013,Q-SL-01-013-05,general_web,https://es.wikipedia.org/wiki/Rock_de_Argentina,https://upload.wikimedia.org/wikipedia/commons/9/9f/La_Balsa_-_Los_Gatos_-_Vinilo_simple.JPG,,1410,1413,,0.0,dup-98cc312e033d,needs_manual_review,semantic_rejected,San Lorenzo Padre Lorenzo Massa con San Lorenzo en Nace el Ciclón San Lorenzo imagen,0.0,low_relevance:0.0000,2026-05-09T18:55:01.706584+00:00,,,,,,,,,,,,,,,,
IMG-SL-01-013-general-web-f0944558,SL-01-013,Q-SL-01-013-04,general_web,https://es.wikipedia.org/wiki/Rock_de_Argentina,https://upload.wikimedia.org/wikipedia/commons/9/9f/La_Balsa_-_Los_Gatos_-_Vinilo_simple.JPG,,1410,1413,,0.0,dup-98cc312e033d,needs_manual_review,semantic_rejected,San Lorenzo Nace el Ciclón Padre Lorenzo Massa con San Lorenzo en Nace el Ciclón archivo historico,0.0,low_relevance:0.0000,2026-05-09T18:55:01.706584+00:00,,,,,,,,,,,,,,,,
