image_id,review_status,notes,preflight_status,preflight_error,preflight_content_type,metadata_score,relevance_score,license_status,source_page,image_url
IMG-SL-01-001-wikimedia-0f15ec41,,,blocked,invalid_content_type:application/pdf,application/pdf,0.8,0.2,attribution_required,https://commons.wikimedia.org/wiki/File:Las_tecnolog%C3%ADas_avanzadas_de_Ia_informaci%C3%B3n_y_Ia_comunicaci%C3%B3n_(tic)_y_el_nuevo_paradigma_temporal_(Cionline_1048).pdf,https://upload.wikimedia.org/wikipedia/commons/7/77/Las_tecnolog%C3%ADas_avanzadas_de_Ia_informaci%C3%B3n_y_Ia_comunicaci%C3%B3n_%28tic%29_y_el_nuevo_paradigma_temporal_%28Cionline_1048%29.pdf?utm_source=commons.wikimedia.org&utm_campaign=imageinfo&utm_content=original
IMG-SL-01-001-wikimedia-0ff21fb0,,,blocked,invalid_content_type:application/pdf,application/pdf,0.8,0.2,attribution_required,https://commons.wikimedia.org/wiki/File:Las_tecnolog%C3%ADas_avanzadas_de_Ia_informaci%C3%B3n_y_Ia_comunicaci%C3%B3n_(tic)_y_el_nuevo_paradigma_temporal_(Cionline_1048).pdf,https://upload.wikimedia.org/wikipedia/commons/7/77/Las_tecnolog%C3%ADas_avanzadas_de_Ia_informaci%C3%B3n_y_Ia_comunicaci%C3%B3n_%28tic%29_y_el_nuevo_paradigma_temporal_%28Cionline_1048%29.pdf?utm_source=commons.wikimedia.org&utm_campaign=imageinfo&utm_content=original
IMG-SL-01-001-wikimedia-12391de8,,,blocked,invalid_content_type:application/pdf,application/pdf,0.8,0.2,attribution_required,https://commons.wikimedia.org/wiki/File:Las_tecnolog%C3%ADas_avanzadas_de_Ia_informaci%C3%B3n_y_Ia_comunicaci%C3%B3n_(tic)_y_el_nuevo_paradigma_temporal_(Cionline_1048).pdf,https://upload.wikimedia.org/wikipedia/commons/7/77/Las_tecnolog%C3%ADas_avanzadas_de_Ia_informaci%C3%B3n_y_Ia_comunicaci%C3%B3n_%28tic%29_y_el_nuevo_paradigma_temporal_%28Cionline_1048%29.pdf?utm_source=commons.wikimedia.org&utm_campaign=imageinfo&utm_content=original
IMG-SL-01-001-wikimedia-20d84797,,,blocked,invalid_content_type:application/pdf,application/pdf,0.8,0.2,attribution_required,https://commons.wikimedia.org/wiki/File:Las_tecnolog%C3%ADas_avanzadas_de_Ia_informaci%C3%B3n_y_Ia_comunicaci%C3%B3n_(tic)_y_el_nuevo_paradigma_temporal_(Cionline_1048).pdf,https://upload.wikimedia.org/wikipedia/commons/7/77/Las_tecnolog%C3%ADas_avanzadas_de_Ia_informaci%C3%B3n_y_Ia_comunicaci%C3%B3n_%28tic%29_y_el_nuevo_paradigma_temporal_%28Cionline_1048%29.pdf?utm_source=commons.wikimedia.org&utm_campaign=imageinfo&utm_content=original
IMG-SL-01-001-wikimedia-625ae191,,,blocked,file_too_large,image/vnd.djvu,0.8,0.2,attribution_required,https://commons.wikimedia.org/wiki/File:Estudios_de_historia_rural_II.djvu,https://upload.wikimedia.org/wikipedia/commons/b/b0/Estudios_de_historia_rural_II.djvu?utm_source=commons.wikimedia.org&utm_campaign=imageinfo&utm_content=original
IMG-SL-01-001-wikimedia-64536845,,,retryable,http_error:429,,0.8,0.2,attribution_required,https://commons.wikimedia.org/wiki/File:Estudios_de_historia_rural_II.djvu,https://upload.wikimedia.org/wikipedia/commons/b/b0/Estudios_de_historia_rural_II.djvu?utm_source=commons.wikimedia.org&utm_campaign=imageinfo&utm_content=original
IMG-SL-01-001-wikimedia-68d61687,,,retryable,http_error:429,,0.8,0.2,attribution_required,https://commons.wikimedia.org/wiki/File:Estudios_de_historia_rural_II.djvu,https://upload.wikimedia.org/wikipedia/commons/b/b0/Estudios_de_historia_rural_II.djvu?utm_source=commons.wikimedia.org&utm_campaign=imageinfo&utm_content=original
IMG-SL-01-001-wikimedia-77ada775,,,retryable,http_error:429,,0.8,0.2,attribution_required,https://commons.wikimedia.org/wiki/File:Estudios_de_historia_rural_II.djvu,https://upload.wikimedia.org/wikipedia/commons/b/b0/Estudios_de_historia_rural_II.djvu?utm_source=commons.wikimedia.org&utm_campaign=imageinfo&utm_content=original
IMG-SL-01-001-wikimedia-87aa63bb,,,blocked,invalid_content_type:application/pdf,application/pdf,0.8,0.2,attribution_required,https://commons.wikimedia.org/wiki/File:Las_tecnolog%C3%ADas_avanzadas_de_Ia_informaci%C3%B3n_y_Ia_comunicaci%C3%B3n_(tic)_y_el_nuevo_paradigma_temporal_(Cionline_1048).pdf,https://upload.wikimedia.org/wikipedia/commons/7/77/Las_tecnolog%C3%ADas_avanzadas_de_Ia_informaci%C3%B3n_y_Ia_comunicaci%C3%B3n_%28tic%29_y_el_nuevo_paradigma_temporal_%28Cionline_1048%29.pdf?utm_source=commons.wikimedia.org&utm_campaign=imageinfo&utm_content=original
IMG-SL-01-001-wikimedia-c63fd9f5,,,retryable,http_error:429,,0.8,0.2,attribution_required,https://commons.wikimedia.org/wiki/File:Estudios_de_historia_rural_II.djvu,https://upload.wikimedia.org/wikipedia/commons/b/b0/Estudios_de_historia_rural_II.djvu?utm_source=commons.wikimedia.org&utm_campaign=imageinfo&utm_content=original
IMG-SL-01-002-wikimedia-1bba1c21,,,blocked,invalid_content_type:application/pdf,application/pdf,0.0,0.1667,clear,https://commons.wikimedia.org/wiki/File:Biblioteca_nueva_de_los_escritores_aragoneses_que_florecieron_desde_el_a%C3%B1o_de_1689_hasta_el_de_1753_(IA_BibliotecaNuevaDeEscritoresAragonese4).pdf,https://upload.wikimedia.org/wikipedia/commons/d/d2/Biblioteca_nueva_de_los_escritores_aragoneses_que_florecieron_desde_el_a%C3%B1o_de_1689_hasta_el_de_1753_%28IA_BibliotecaNuevaDeEscritoresAragonese4%29.pdf?utm_source=commons.wikimedia.org&utm_campaign=imageinfo&utm_content=original
IMG-SL-01-002-wikimedia-22890c1d,,,blocked,invalid_content_type:application/pdf,application/pdf,0.0,0.1667,clear,"https://commons.wikimedia.org/wiki/File:Ensayo_hist%C3%B3rico-cr%C3%ADtico_sobre_la_legislacion_y_principales_cuerpos_legales_de_los_reynos_de_Leon_y_Castilla,_especialmente_sobre_el_c%C3%B3digo_de_D._Alonso_el_Sabio_(IA_ensayohistoricocritico).pdf",https://upload.wikimedia.org/wikipedia/commons/e/e3/Ensayo_hist%C3%B3rico-cr%C3%ADtico_sobre_la_legislacion_y_principales_cuerpos_legales_de_los_reynos_de_Leon_y_Castilla%2C_especialmente_sobre_el_c%C3%B3digo_de_D._Alonso_el_Sabio_%28IA_ensayohistoricocritico%29.pdf?utm_source=commons.wikimedia.org&utm_campaign=imageinfo&utm_content=original
IMG-SL-01-002-wikimedia-2d9ec30a,,,retryable,http_error:429,,0.6417,0.1667,clear,https://commons.wikimedia.org/wiki/File:Teatro_del_clavel_-_cuadro_dom%C3%A9stich_en_un_acte_y_en_vers_(IA_teatrodelclavelc00camp).pdf,https://upload.wikimedia.org/wikipedia/commons/0/01/Teatro_del_clavel_-_cuadro_dom%C3%A9stich_en_un_acte_y_en_vers_%28IA_teatrodelclavelc00camp%29.pdf?utm_source=commons.wikimedia.org&utm_campaign=imageinfo&utm_content=original
IMG-SL-01-002-wikimedia-317937f2,,,retryable,http_error:429,,0.7917,0.1667,clear,"https://commons.wikimedia.org/wiki/File:Ensayo_hist%C3%B3rico-cr%C3%ADtico_sobre_la_legislacion_y_principales_cuerpos_legales_de_los_reynos_de_Leon_y_Castilla,_especialmente_sobre_el_c%C3%B3digo_de_D._Alonso_el_Sabio_(IA_ensayohistoricocritico).pdf",https://upload.wikimedia.org/wikipedia/commons/e/e3/Ensayo_hist%C3%B3rico-cr%C3%ADtico_sobre_la_legislacion_y_principales_cuerpos_legales_de_los_reynos_de_Leon_y_Castilla%2C_especialmente_sobre_el_c%C3%B3digo_de_D._Alonso_el_Sabio_%28IA_ensayohistoricocritico%29.pdf?utm_source=commons.wikimedia.org&utm_campaign=imageinfo&utm_content=original
IMG-SL-01-002-wikimedia-3cff48c5,,,retryable,http_error:429,,0.6417,0.1667,clear,https://commons.wikimedia.org/wiki/File:Biblioteca_nueva_de_los_escritores_aragoneses_que_florecieron_desde_el_a%C3%B1o_de_1689_hasta_el_de_1753_(IA_BibliotecaNuevaDeEscritoresAragonese4).pdf,https://upload.wikimedia.org/wikipedia/commons/d/d2/Biblioteca_nueva_de_los_escritores_aragoneses_que_florecieron_desde_el_a%C3%B1o_de_1689_hasta_el_de_1753_%28IA_BibliotecaNuevaDeEscritoresAragonese4%29.pdf?utm_source=commons.wikimedia.org&utm_campaign=imageinfo&utm_content=original
IMG-SL-01-002-wikimedia-47b4e7d2,,,retryable,http_error:429,,0.6417,0.1667,clear,https://commons.wikimedia.org/wiki/File:Biblioteca_nueva_de_los_escritores_aragoneses_que_florecieron_desde_el_a%C3%B1o_de_1689_hasta_el_de_1753_(IA_BibliotecaNuevaDeEscritoresAragonese4).pdf,https://upload.wikimedia.org/wikipedia/commons/d/d2/Biblioteca_nueva_de_los_escritores_aragoneses_que_florecieron_desde_el_a%C3%B1o_de_1689_hasta_el_de_1753_%28IA_BibliotecaNuevaDeEscritoresAragonese4%29.pdf?utm_source=commons.wikimedia.org&utm_campaign=imageinfo&utm_content=original
IMG-SL-01-002-wikimedia-48d06032,,,retryable,http_error:429,,0.6833,0.3333,clear,https://commons.wikimedia.org/wiki/File:Compendio_de_la_historia_de_los_Estados_Unidos_de_Am%C3%A9rica;_puesta_en_castellano_(IA_compendiodelahis00pazo_0).pdf,https://upload.wikimedia.org/wikipedia/commons/e/ef/Compendio_de_la_historia_de_los_Estados_Unidos_de_Am%C3%A9rica%3B_puesta_en_castellano_%28IA_compendiodelahis00pazo_0%29.pdf?utm_source=commons.wikimedia.org&utm_campaign=imageinfo&utm_content=original
IMG-SL-01-002-wikimedia-5ed285ec,,,retryable,http_error:429,,0.7917,0.1667,clear,https://commons.wikimedia.org/wiki/File:Lorenzaccio_-_drama_en_cuatro_actos_(IA_lorenzacciodrama00muss_0).pdf,https://upload.wikimedia.org/wikipedia/commons/d/d2/Lorenzaccio_-_drama_en_cuatro_actos_%28IA_lorenzacciodrama00muss_0%29.pdf?utm_source=commons.wikimedia.org&utm_campaign=imageinfo&utm_content=original
IMG-SL-01-002-wikimedia-68e61828,,,retryable,http_error:429,,0.6417,0.1667,clear,https://commons.wikimedia.org/wiki/File:Teatro_del_clavel_-_cuadro_dom%C3%A9stich_en_un_acte_y_en_vers_(IA_teatrodelclavelc00camp).pdf,https://upload.wikimedia.org/wikipedia/commons/0/01/Teatro_del_clavel_-_cuadro_dom%C3%A9stich_en_un_acte_y_en_vers_%28IA_teatrodelclavelc00camp%29.pdf?utm_source=commons.wikimedia.org&utm_campaign=imageinfo&utm_content=original
IMG-SL-01-002-wikimedia-94254906,,,retryable,http_error:429,,0.7917,0.1667,clear,https://commons.wikimedia.org/wiki/File:Lorenzaccio_-_drama_en_cuatro_actos_(IA_lorenzacciodrama00muss_0).pdf,https://upload.wikimedia.org/wikipedia/commons/d/d2/Lorenzaccio_-_drama_en_cuatro_actos_%28IA_lorenzacciodrama00muss_0%29.pdf?utm_source=commons.wikimedia.org&utm_campaign=imageinfo&utm_content=original
IMG-SL-01-002-wikimedia-aec4a76e,,,retryable,http_error:429,,0.6417,0.1667,clear,https://commons.wikimedia.org/wiki/File:Teatro_del_clavel_-_cuadro_dom%C3%A9stich_en_un_acte_y_en_vers_(IA_teatrodelclavelc00camp).pdf,https://upload.wikimedia.org/wikipedia/commons/0/01/Teatro_del_clavel_-_cuadro_dom%C3%A9stich_en_un_acte_y_en_vers_%28IA_teatrodelclavelc00camp%29.pdf?utm_source=commons.wikimedia.org&utm_campaign=imageinfo&utm_content=original
IMG-SL-01-002-wikimedia-b0604011,,,retryable,http_error:429,,0.7917,0.1667,clear,https://commons.wikimedia.org/wiki/File:Lorenzaccio_-_drama_en_cuatro_actos_(IA_lorenzacciodrama00muss_0).pdf,https://upload.wikimedia.org/wikipedia/commons/d/d2/Lorenzaccio_-_drama_en_cuatro_actos_%28IA_lorenzacciodrama00muss_0%29.pdf?utm_source=commons.wikimedia.org&utm_campaign=imageinfo&utm_content=original
IMG-SL-01-002-wikimedia-d4b1df36,,,retryable,http_error:429,,0.6417,0.1667,clear,https://commons.wikimedia.org/wiki/File:Teatro_del_clavel_-_cuadro_dom%C3%A9stich_en_un_acte_y_en_vers_(IA_teatrodelclavelc00camp).pdf,https://upload.wikimedia.org/wikipedia/commons/0/01/Teatro_del_clavel_-_cuadro_dom%C3%A9stich_en_un_acte_y_en_vers_%28IA_teatrodelclavelc00camp%29.pdf?utm_source=commons.wikimedia.org&utm_campaign=imageinfo&utm_content=original
IMG-SL-01-002-wikimedia-db6fe67d,,,retryable,http_error:429,,0.6417,0.1667,clear,https://commons.wikimedia.org/wiki/File:Biblioteca_nueva_de_los_escritores_aragoneses_que_florecieron_desde_el_a%C3%B1o_de_1689_hasta_el_de_1753_(IA_BibliotecaNuevaDeEscritoresAragonese4).pdf,https://upload.wikimedia.org/wikipedia/commons/d/d2/Biblioteca_nueva_de_los_escritores_aragoneses_que_florecieron_desde_el_a%C3%B1o_de_1689_hasta_el_de_1753_%28IA_BibliotecaNuevaDeEscritoresAragonese4%29.pdf?utm_source=commons.wikimedia.org&utm_campaign=imageinfo&utm_content=original
IMG-SL-01-002-wikimedia-df147a73,,,retryable,http_error:429,,0.7917,0.1667,clear,"https://commons.wikimedia.org/wiki/File:Ensayo_hist%C3%B3rico-cr%C3%ADtico_sobre_la_legislacion_y_principales_cuerpos_legales_de_los_reynos_de_Leon_y_Castilla,_especialmente_sobre_el_c%C3%B3digo_de_D._Alonso_el_Sabio_(IA_ensayohistoricocritico).pdf",https://upload.wikimedia.org/wikipedia/commons/e/e3/Ensayo_hist%C3%B3rico-cr%C3%ADtico_sobre_la_legislacion_y_principales_cuerpos_legales_de_los_reynos_de_Leon_y_Castilla%2C_especialmente_sobre_el_c%C3%B3digo_de_D._Alonso_el_Sabio_%28IA_ensayohistoricocritico%29.pdf?utm_source=commons.wikimedia.org&utm_campaign=imageinfo&utm_content=original
IMG-SL-01-002-wikimedia-e0910f6a,,,retryable,http_error:429,,0.6833,0.3333,clear,https://commons.wikimedia.org/wiki/File:Compendio_de_la_historia_de_los_Estados_Unidos_de_Am%C3%A9rica;_puesta_en_castellano_(IA_compendiodelahis00pazo_0).pdf,https://upload.wikimedia.org/wikipedia/commons/e/ef/Compendio_de_la_historia_de_los_Estados_Unidos_de_Am%C3%A9rica%3B_puesta_en_castellano_%28IA_compendiodelahis00pazo_0%29.pdf?utm_source=commons.wikimedia.org&utm_campaign=imageinfo&utm_content=original
IMG-SL-01-002-wikimedia-e7baa383,,,retryable,http_error:429,,0.7917,0.1667,clear,https://commons.wikimedia.org/wiki/File:Lorenzaccio_-_drama_en_cuatro_actos_(IA_lorenzacciodrama00muss_0).pdf,https://upload.wikimedia.org/wikipedia/commons/d/d2/Lorenzaccio_-_drama_en_cuatro_actos_%28IA_lorenzacciodrama00muss_0%29.pdf?utm_source=commons.wikimedia.org&utm_campaign=imageinfo&utm_content=original
IMG-SL-01-002-wikimedia-eca4704e,,,retryable,http_error:429,,0.7917,0.1667,clear,"https://commons.wikimedia.org/wiki/File:Ensayo_hist%C3%B3rico-cr%C3%ADtico_sobre_la_legislacion_y_principales_cuerpos_legales_de_los_reynos_de_Leon_y_Castilla,_especialmente_sobre_el_c%C3%B3digo_de_D._Alonso_el_Sabio_(IA_ensayohistoricocritico).pdf",https://upload.wikimedia.org/wikipedia/commons/e/e3/Ensayo_hist%C3%B3rico-cr%C3%ADtico_sobre_la_legislacion_y_principales_cuerpos_legales_de_los_reynos_de_Leon_y_Castilla%2C_especialmente_sobre_el_c%C3%B3digo_de_D._Alonso_el_Sabio_%28IA_ensayohistoricocritico%29.pdf?utm_source=commons.wikimedia.org&utm_campaign=imageinfo&utm_content=original
IMG-SL-01-002-wikimedia-f580ef4b,,,retryable,http_error:429,,0.6833,0.3333,clear,https://commons.wikimedia.org/wiki/File:Compendio_de_la_historia_de_los_Estados_Unidos_de_Am%C3%A9rica;_puesta_en_castellano_(IA_compendiodelahis00pazo_0).pdf,https://upload.wikimedia.org/wikipedia/commons/e/ef/Compendio_de_la_historia_de_los_Estados_Unidos_de_Am%C3%A9rica%3B_puesta_en_castellano_%28IA_compendiodelahis00pazo_0%29.pdf?utm_source=commons.wikimedia.org&utm_campaign=imageinfo&utm_content=original
IMG-SL-01-002-wikimedia-f65931b1,,,retryable,http_error:429,,0.6833,0.3333,clear,https://commons.wikimedia.org/wiki/File:Compendio_de_la_historia_de_los_Estados_Unidos_de_Am%C3%A9rica;_puesta_en_castellano_(IA_compendiodelahis00pazo_0).pdf,https://upload.wikimedia.org/wikipedia/commons/e/ef/Compendio_de_la_historia_de_los_Estados_Unidos_de_Am%C3%A9rica%3B_puesta_en_castellano_%28IA_compendiodelahis00pazo_0%29.pdf?utm_source=commons.wikimedia.org&utm_campaign=imageinfo&utm_content=original
IMG-SL-01-003-wikimedia-026d9a91,,,retryable,http_error:429,,0.6833,0.3333,clear,https://commons.wikimedia.org/wiki/File:Diccionario_historico_de_los_mas_ilustres_profesores_de_las_bellas_artes_en_Espana_(IA_diccionariohisto06cean).pdf,https://upload.wikimedia.org/wikipedia/commons/f/f3/Diccionario_historico_de_los_mas_ilustres_profesores_de_las_bellas_artes_en_Espana_%28IA_diccionariohisto06cean%29.pdf?utm_source=commons.wikimedia.org&utm_campaign=imageinfo&utm_content=original
IMG-SL-01-003-wikimedia-1755f123,,,retryable,http_error:429,,0.6833,0.3333,clear,https://commons.wikimedia.org/wiki/File:Diccionario_historico_de_los_mas_ilustres_profesores_de_las_bellas_artes_en_Espana_(IA_diccionariohisto03cean).pdf,https://upload.wikimedia.org/wikipedia/commons/c/c2/Diccionario_historico_de_los_mas_ilustres_profesores_de_las_bellas_artes_en_Espana_%28IA_diccionariohisto03cean%29.pdf?utm_source=commons.wikimedia.org&utm_campaign=imageinfo&utm_content=original
IMG-SL-01-003-wikimedia-2645045f,,,retryable,http_error:429,,0.6833,0.3333,clear,https://commons.wikimedia.org/wiki/File:Diccionario_historico_de_los_mas_ilustres_profesores_de_las_bellas_artes_en_Espana_(IA_diccionariohisto02cean).pdf,https://upload.wikimedia.org/wikipedia/commons/7/74/Diccionario_historico_de_los_mas_ilustres_profesores_de_las_bellas_artes_en_Espana_%28IA_diccionariohisto02cean%29.pdf?utm_source=commons.wikimedia.org&utm_campaign=imageinfo&utm_content=original
IMG-SL-01-003-wikimedia-2cb85df9,,,retryable,http_error:429,,0.6833,0.3333,clear,https://commons.wikimedia.org/wiki/File:Diccionario_historico_de_los_mas_ilustres_profesores_de_las_bellas_artes_en_Espana_(IA_diccionariohisto03cean).pdf,https://upload.wikimedia.org/wikipedia/commons/c/c2/Diccionario_historico_de_los_mas_ilustres_profesores_de_las_bellas_artes_en_Espana_%28IA_diccionariohisto03cean%29.pdf?utm_source=commons.wikimedia.org&utm_campaign=imageinfo&utm_content=original
IMG-SL-01-003-wikimedia-2fb217ca,,,retryable,http_error:429,,0.6714,0.2857,clear,https://commons.wikimedia.org/wiki/File:Diccionario_historico_de_los_mas_ilustres_profesores_de_las_bellas_artes_en_Espana_(IA_diccionariohisto03cean).pdf,https://upload.wikimedia.org/wikipedia/commons/c/c2/Diccionario_historico_de_los_mas_ilustres_profesores_de_las_bellas_artes_en_Espana_%28IA_diccionariohisto03cean%29.pdf?utm_source=commons.wikimedia.org&utm_campaign=imageinfo&utm_content=original
IMG-SL-01-003-wikimedia-3b403993,,,retryable,http_error:429,,0.6833,0.3333,clear,https://commons.wikimedia.org/wiki/File:Diccionario_historico_de_los_mas_ilustres_profesores_de_las_bellas_artes_en_Espana_(IA_diccionariohisto01cean).pdf,https://upload.wikimedia.org/wikipedia/commons/0/0b/Diccionario_historico_de_los_mas_ilustres_profesores_de_las_bellas_artes_en_Espana_%28IA_diccionariohisto01cean%29.pdf?utm_source=commons.wikimedia.org&utm_campaign=imageinfo&utm_content=original
IMG-SL-01-003-wikimedia-46a2cd2c,,,retryable,http_error:429,,0.6833,0.3333,clear,https://commons.wikimedia.org/wiki/File:Diccionario_historico_de_los_mas_ilustres_profesores_de_las_bellas_artes_en_Espana_(IA_diccionariohisto01cean).pdf,https://upload.wikimedia.org/wikipedia/commons/0/0b/Diccionario_historico_de_los_mas_ilustres_profesores_de_las_bellas_artes_en_Espana_%28IA_diccionariohisto01cean%29.pdf?utm_source=commons.wikimedia.org&utm_campaign=imageinfo&utm_content=original
IMG-SL-01-003-wikimedia-47754a73,,,retryable,http_error:429,,0.6833,0.3333,clear,https://commons.wikimedia.org/wiki/File:Diccionario_historico_de_los_mas_ilustres_profesores_de_las_bellas_artes_en_Espana_(IA_diccionariohisto03cean).pdf,https://upload.wikimedia.org/wikipedia/commons/c/c2/Diccionario_historico_de_los_mas_ilustres_profesores_de_las_bellas_artes_en_Espana_%28IA_diccionariohisto03cean%29.pdf?utm_source=commons.wikimedia.org&utm_campaign=imageinfo&utm_content=original
IMG-SL-01-003-wikimedia-49b4aa4a,,,retryable,http_error:429,,0.6833,0.3333,clear,https://commons.wikimedia.org/wiki/File:Diccionario_historico_de_los_mas_ilustres_profesores_de_las_bellas_artes_en_Espana_(IA_diccionariohisto05cean).pdf,https://upload.wikimedia.org/wikipedia/commons/7/74/Diccionario_historico_de_los_mas_ilustres_profesores_de_las_bellas_artes_en_Espana_%28IA_diccionariohisto05cean%29.pdf?utm_source=commons.wikimedia.org&utm_campaign=imageinfo&utm_content=original
IMG-SL-01-003-wikimedia-a7da20af,,,retryable,http_error:429,,0.6833,0.3333,clear,https://commons.wikimedia.org/wiki/File:Diccionario_historico_de_los_mas_ilustres_profesores_de_las_bellas_artes_en_Espana_(IA_diccionariohisto02cean).pdf,https://upload.wikimedia.org/wikipedia/commons/7/74/Diccionario_historico_de_los_mas_ilustres_profesores_de_las_bellas_artes_en_Espana_%28IA_diccionariohisto02cean%29.pdf?utm_source=commons.wikimedia.org&utm_campaign=imageinfo&utm_content=original
IMG-SL-01-003-wikimedia-b0c5b8c5,,,retryable,http_error:429,,0.6833,0.3333,clear,https://commons.wikimedia.org/wiki/File:Diccionario_historico_de_los_mas_ilustres_profesores_de_las_bellas_artes_en_Espana_(IA_diccionariohisto01cean).pdf,https://upload.wikimedia.org/wikipedia/commons/0/0b/Diccionario_historico_de_los_mas_ilustres_profesores_de_las_bellas_artes_en_Espana_%28IA_diccionariohisto01cean%29.pdf?utm_source=commons.wikimedia.org&utm_campaign=imageinfo&utm_content=original
IMG-SL-01-003-wikimedia-b4be70d8,,,retryable,http_error:429,,0.6833,0.3333,clear,https://commons.wikimedia.org/wiki/File:Diccionario_historico_de_los_mas_ilustres_profesores_de_las_bellas_artes_en_Espana_(IA_diccionariohisto02cean).pdf,https://upload.wikimedia.org/wikipedia/commons/7/74/Diccionario_historico_de_los_mas_ilustres_profesores_de_las_bellas_artes_en_Espana_%28IA_diccionariohisto02cean%29.pdf?utm_source=commons.wikimedia.org&utm_campaign=imageinfo&utm_content=original
IMG-SL-01-003-wikimedia-b7d5c67c,,,retryable,http_error:429,,0.6833,0.3333,clear,https://commons.wikimedia.org/wiki/File:Diccionario_historico_de_los_mas_ilustres_profesores_de_las_bellas_artes_en_Espana_(IA_diccionariohisto05cean).pdf,https://upload.wikimedia.org/wikipedia/commons/7/74/Diccionario_historico_de_los_mas_ilustres_profesores_de_las_bellas_artes_en_Espana_%28IA_diccionariohisto05cean%29.pdf?utm_source=commons.wikimedia.org&utm_campaign=imageinfo&utm_content=original
IMG-SL-01-003-wikimedia-bca8a3de,,,retryable,http_error:429,,0.6833,0.3333,clear,https://commons.wikimedia.org/wiki/File:Diccionario_historico_de_los_mas_ilustres_profesores_de_las_bellas_artes_en_Espana_(IA_diccionariohisto06cean).pdf,https://upload.wikimedia.org/wikipedia/commons/f/f3/Diccionario_historico_de_los_mas_ilustres_profesores_de_las_bellas_artes_en_Espana_%28IA_diccionariohisto06cean%29.pdf?utm_source=commons.wikimedia.org&utm_campaign=imageinfo&utm_content=original
IMG-SL-01-003-wikimedia-bd64e81a,,,retryable,http_error:429,,0.6714,0.2857,clear,https://commons.wikimedia.org/wiki/File:Cat%C3%A1logo_hist%C3%B3rico-descriptivo_de_la_Real_Armer%C3%ADa_de_Madrid_(IA_catlogohistricod00real).pdf,https://upload.wikimedia.org/wikipedia/commons/6/69/Cat%C3%A1logo_hist%C3%B3rico-descriptivo_de_la_Real_Armer%C3%ADa_de_Madrid_%28IA_catlogohistricod00real%29.pdf?utm_source=commons.wikimedia.org&utm_campaign=imageinfo&utm_content=original
IMG-SL-01-003-wikimedia-c3bbe5d7,,,retryable,http_error:429,,0.6714,0.2857,clear,https://commons.wikimedia.org/wiki/File:Diccionario_historico_de_los_mas_ilustres_profesores_de_las_bellas_artes_en_Espana_(IA_diccionariohisto05cean).pdf,https://upload.wikimedia.org/wikipedia/commons/7/74/Diccionario_historico_de_los_mas_ilustres_profesores_de_las_bellas_artes_en_Espana_%28IA_diccionariohisto05cean%29.pdf?utm_source=commons.wikimedia.org&utm_campaign=imageinfo&utm_content=original
IMG-SL-01-003-wikimedia-d7ced40e,,,retryable,http_error:429,,0.6833,0.3333,clear,https://commons.wikimedia.org/wiki/File:Diccionario_historico_de_los_mas_ilustres_profesores_de_las_bellas_artes_en_Espana_(IA_diccionariohisto05cean).pdf,https://upload.wikimedia.org/wikipedia/commons/7/74/Diccionario_historico_de_los_mas_ilustres_profesores_de_las_bellas_artes_en_Espana_%28IA_diccionariohisto05cean%29.pdf?utm_source=commons.wikimedia.org&utm_campaign=imageinfo&utm_content=original
IMG-SL-01-003-wikimedia-e14918bc,,,retryable,http_error:429,,0.6833,0.3333,clear,https://commons.wikimedia.org/wiki/File:Diccionario_historico_de_los_mas_ilustres_profesores_de_las_bellas_artes_en_Espana_(IA_diccionariohisto06cean).pdf,https://upload.wikimedia.org/wikipedia/commons/f/f3/Diccionario_historico_de_los_mas_ilustres_profesores_de_las_bellas_artes_en_Espana_%28IA_diccionariohisto06cean%29.pdf?utm_source=commons.wikimedia.org&utm_campaign=imageinfo&utm_content=original
IMG-SL-01-003-wikimedia-e9aca867,,,retryable,http_error:429,,0.6714,0.2857,clear,https://commons.wikimedia.org/wiki/File:El_molinero_de_Subiza_-_zarzuela_hist%C3%B3rico-romancesca_en_tres_actos_y_en_verso_(IA_elmolinerodesubi158112oud).pdf,https://upload.wikimedia.org/wikipedia/commons/4/4b/El_molinero_de_Subiza_-_zarzuela_hist%C3%B3rico-romancesca_en_tres_actos_y_en_verso_%28IA_elmolinerodesubi158112oud%29.pdf?utm_source=commons.wikimedia.org&utm_campaign=imageinfo&utm_content=original
IMG-SL-01-003-wikimedia-ef0cd85d,approved,,retryable,http_error:429,,0.6714,0.2857,clear,https://commons.wikimedia.org/wiki/File:Diccionario_historico_de_los_mas_ilustres_profesores_de_las_bellas_artes_en_Espana_(IA_diccionariohisto06cean).pdf,https://upload.wikimedia.org/wikipedia/commons/f/f3/Diccionario_historico_de_los_mas_ilustres_profesores_de_las_bellas_artes_en_Espana_%28IA_diccionariohisto06cean%29.pdf?utm_source=commons.wikimedia.org&utm_campaign=imageinfo&utm_content=original
IMG-SL-01-004-wikimedia-2e5606a5,approved,,retryable,http_error:429,,0.7917,0.1667,attribution_required,https://commons.wikimedia.org/wiki/File:PLAN_DE_DESARROLLO_MUNICIPAL_2012.pdf,https://upload.wikimedia.org/wikipedia/commons/b/bb/PLAN_DE_DESARROLLO_MUNICIPAL_2012.pdf?utm_source=commons.wikimedia.org&utm_campaign=imageinfo&utm_content=original
IMG-SL-01-004-wikimedia-5632ed64,approved,,retryable,http_error:429,,0.7917,0.1667,clear,https://commons.wikimedia.org/wiki/File:Anales_de_la_Sociedad_Cient%C3%ADfica_Argentina_(IA_analesdelasocied2622soci).pdf,https://upload.wikimedia.org/wikipedia/commons/e/e9/Anales_de_la_Sociedad_Cient%C3%ADfica_Argentina_%28IA_analesdelasocied2622soci%29.pdf?utm_source=commons.wikimedia.org&utm_campaign=imageinfo&utm_content=original
IMG-SL-01-004-wikimedia-e8e63ca5,approved,,None,None,None,0.7917,0.1667,clear,"https://commons.wikimedia.org/wiki/File:Gij%C3%B3n,_verano_del_a%C3%B1o_1904_-_grandes_fiestas_desde_el_15_de_julio_al_15_septiembre_(IA_gijonveranodelan00unse).pdf",https://upload.wikimedia.org/wikipedia/commons/0/0c/Gij%C3%B3n%2C_verano_del_a%C3%B1o_1904_-_grandes_fiestas_desde_el_15_de_julio_al_15_septiembre_%28IA_gijonveranodelan00unse%29.pdf?utm_source=commons.wikimedia.org&utm_campaign=imageinfo&utm_content=original
